77,vube.com
98,vimeo.com
174,9gag.com
195,archive.org
264,huanqiu.com
295,media.tumblr.com
301,zedo.com
316,detik.com
359,lenta.ru
375,elpais.com
376,list-manage.com
382,accuweather.com
383,mlb.com
396,zippyshare.com
423,privatehomeclips.com
433,gazeta.pl
436,beeg.com
439,ria.ru
510,ad6media.fr
511,kinopoisk.ru
514,ck101.com
524,babylon.com
534,kwejk.pl
581,rapidgator.net
591,mpnrs.com
610,tinyurl.com
615,swagbucks.com
620,vnexpress.net
626,hubpages.com
630,npr.org
659,as.com
671,adultfriendfinder.com
696,cbssports.com
704,torchbrowser.com
710,aparat.com
716,europa.eu
735,pixlr.com
770,milanuncios.com
778,worldstarhiphop.com
794,iconosquare.com
860,24h.com.vn
894,sueddeutsche.de
912,thedailybeast.com
932,panet.co.il
961,lifenews.ru
988,xtube.com
1066,dantri.com.vn
1079,elcomercio.pe
1080,list-manage1.com
1127,letitbit.net
1129,fishki.net
1214,friv.com
1242,pixabay.com
1255,mediaset.it
1274,eyny.com
1304,haberler.com
1315,ovh.net
1321,vporn.com
1400,sznews.com
1419,bitshare.com
1450,clicky.com
1459,sedty.com
1491,editor.wix.com
1549,tune.pk
1557,whatismyipaddress.com
1571,rg.ru
1675,ijreview.com
1686,imagetwist.com
1702,singlessalad.com
1733,yourlust.com
1748,vz.ru
1775,directadvert.ru
1805,myanimelist.net
1808,gogvo.com
1827,anysex.com
1828,capitalone360.com
1836,allmyvideos.net
1858,kenh14.vn
1870,camster.com
1882,tn.com.ar
1905,plurk.com
1906,meetcheap.com
1912,tusfiles.net
1956,nos.nl
1983,kommersant.ru
1989,mxtoolbox.com
1994,televisionfanatic.com
2027,xxxbunker.com
2070,tvrain.ru
2080,h2porn.com
2134,wyborcza.pl
2154,metacafe.com
2169,wowhead.com
2181,hellporno.com
2190,played.to
2201,11st.co.kr
2229,xsrving.com
2232,1111.com.tw
2243,manager.co.th
2271,madamenoire.com
2302,megogo.net
2303,videomega.tv
2376,hamariweb.com
2453,list-manage2.com
2480,espn.uol.com.br
2500,tsn.ua
2538,megashare.info
2539,kizi.com
2541,calameo.com
2543,inosmi.ru
2545,quanjing.com
2578,demotywatory.pl
2593,freepornvs.com
2614,euronews.com
2619,blog.hu
2642,retrogamer.com
2657,lipsum.com
2671,po.st
2711,suumo.jp
2740,wyborcza.biz
2748,runetki.com
2758,noticias24.com
2765,imlive.com
2767,flightaware.com
2780,mql5.com
2793,nrk.no
2794,alohatube.com
2801,cqmama.net
2822,onedio.com
2828,pitchfork.com
2829,gopro.com
2866,ngoisao.net
2878,alwatanvoice.com
2881,brooonzyah.net
2892,rawstory.com
2922,liverpoolfc.com
2930,laodong.com.vn
2954,admngronline.com
2964,8tracks.com
2995,plarium.com
2998,whatculture.com
3004,ellemen.com
3011,am15.net
3037,webdesignerdepot.com
3050,adage.com
3062,flirchi.com
3094,hotelscombined.com
3137,add-anime.net
3192,girlsgogames.com
3215,gorillavid.in
3233,runetki.tv
3253,voyeurhit.com
3305,2ip.ru
3317,final.ir
3357,twitcasting.tv
3362,met-art.com
3401,exist.ru
3439,114so.cn
3441,motthegioi.vn
3446,bc.vc
3452,shopping.uol.com.br
3497,anyporn.com
3510,4travel.jp
3545,cityadspix.com
3548,gameninja.com
3560,desi-tashan.com
3635,urban-rivals.com
3651,segodnya.ua
3657,woxikon.de
3716,alkislarlayasiyorum.com
3747,designmodo.com
3768,news247.gr
3772,mmotraffic.com
3868,uloz.to
3901,vov.vn
3930,bongdainfo.com
3946,loveplanet.ru
3950,popsugar.com
3961,auspost.com.au
3986,ymlp.com
4023,gusuwang.com
4027,blesk.cz
4031,vidspot.net
4043,blogtalkradio.com
4124,publico.pt
4135,zaycev.net
4136,eporner.com
4170,reduxmediia.com
4171,hawaalive.com
4257,juegos.com
4271,dict.cn
4279,yokamen.cn
4290,animoto.com
4318,amoureux.com
4328,game2.cn
4339,131.com
4401,zhong5.cn
4403,sekindo.com
4437,spartoo.com
4439,zalukaj.tv
4488,purepeople.com
4546,stocktwits.com
4564,newser.com
4575,lainformacion.com
4660,snapwidget.com
4671,academic.ru
4708,afreeca.com
4710,cuevana2.tv
4727,diepresse.com
4733,sharebeast.com
4766,ppomppu.co.kr
4782,tankionline.com
4793,oreilly.com
4824,airliners.net
4924,mmo-champion.com
4938,olx.bg
4983,dom2.ru
5002,parimatchru.com
5014,smallbiztrends.com
5023,tvb.com
5024,baskino.com
5090,zxxds.net
5106,psychcentral.com
5107,112.ua
5115,stirileprotv.ro
5129,radikal.ru
5141,bangkokpost.com
5143,cargocollective.com
5151,coub.com
5166,dilbert.com
5239,defencenet.gr
5249,24ur.com
5273,dni.ru
5371,yad2.co.il
5434,vidto.me
5440,curse.com
5457,sydive.com
5467,zedge.net
5487,surfingbird.ru
5495,pornyeah.com
5508,motdgd.com
5517,sondakika.com
5539,go2cloud.org
5540,suggest.com
5543,deredactie.be
5546,deser.pl
5552,ilovemobi.com
5558,plan-q-secret.com
5594,hobbyking.com
5595,51xianyu.com
5596,apk.tw
5640,syshl.com
5653,smotri.com
5659,collider.com
5737,xbabe.com
5804,wdc.com
5828,jobomas.com
5863,dnevnik.hr
5900,eva.vn
5912,hsselite.com
5938,brb.to
5945,24timezones.com
6001,memorado.com
6016,indiavisiontv.com
6017,thehun.com
6024,lvye.cn
6036,yupoo.com
6043,pizap.com
6047,mp-success.com
6054,nairabet.com
6056,rp5.ru
6065,kanald.com.tr
6066,sitetalk.com
6092,thevideo.me
6142,izismile.com
6150,sportal.bg
6180,pbh2.com
6190,escalatenetwork.net
6251,elevenia.co.id
6263,pornicom.com
6267,freshome.com
6314,iranproud.com
6342,glosbe.com
6349,expert-offers.com
6362,pond5.com
6372,vidvib.com
6391,teasernet.com
6404,rtvslo.si
6433,meta.ua
6455,kuwo.cn
6476,izvestia.ru
6498,es.wix.com
6506,sinoptik.ua
6516,downvids.net
6531,cnr.cn
6546,180upload.com
6593,port.hu
6627,cinepolis.com
6633,nchsoftware.com
6639,yudu.com
6663,runt-of-the-web.com
6670,terafile.co
6695,travelbird.nl
6725,uploadbaz.com
6739,bravenet.com
6749,cincodias.com
6765,nubiles.net
6776,zbiornik.com
6861,ebz.io
6867,caras.uol.com.br
6878,india-forums.com
6885,tw116.com
6928,portalcorreio.uol.com.br
6942,filerio.in
7019,sextgem.com
7023,mt5.com
7032,ar15.com
7072,sporza.be
7093,thefile.me
7100,podrobnosti.ua
7106,gencat.cat
7112,101.ru
7163,edgecastcdn.net
7167,tnt-online.ru
7168,mylust.com
7238,gamekult.com
7243,iyaxin.com
7244,pervclips.com
7271,internetslang.com
7282,oper.ru
7284,moskva.fm
7292,avantlink.com
7294,kienthuc.net.vn
7314,d-h.st
7347,kapaza.be
7354,gry.pl
7389,unsplash.com
7412,luckycheckin.com
7432,wemakeprice.com
7444,portail.free.fr
7455,annunci69.it
7502,fastweb.it
7524,krakow.pl
7578,dha.com.tr
7590,zorpia.com
7613,tubecontext.com
7616,cpmstar.com
7628,hugefiles.net
7669,mightyupload.com
7718,bongda.com.vn
7723,dydt.net
7744,elaph.com
7759,media.wix.com
7760,dardarkom.com
7788,cafef.vn
7811,pornpros.com
7844,bestreams.net
7856,183.com.cn
7858,properfuck.com
7900,photofans.cn
7909,animaljam.com
7954,farpost.ru
7982,vidbull.com
8026,imgpaying.com
8028,tvguide.co.uk
8032,instabang.com
8075,wat.tv
8088,thespiritscience.net
8091,fileom.com
8108,beliefnet.com
8131,d1g.com
8139,wabei.cn
8140,itusozluk.com
8147,ololo.fm
8163,eventful.com
8187,iab.net
8232,prostoporno.net
8233,omelete.uol.com.br
8259,dangerousminds.net
8263,afamily.vn
8295,jaidefinichon.com
8296,openclipart.org
8323,gong.bg
8358,politiken.dk
8383,goalunited.org
8423,gotprint.net
8460,rapmls.com
8469,7days.ru
8528,ru.wix.com
8578,spankbang.com
8581,fitsugar.com
8608,pho.to
8639,downloadhelper.net
8698,anymeeting.com
8718,video.az
8726,screencrush.com
8735,soccer.ru
8736,globalgrind.com
8747,hani.co.kr
8768,zoosnet.net
8782,pik.ba
8801,cams.com
8816,sverigesradio.se
8875,nubilefilms.com
8966,iflyer.tv
8986,ijiatv.com
9013,tsinghuaxue.com
9117,shmu.sk
9124,phandroid.com
9151,ulozto.cz
9252,pt.wix.com
9288,9111.ru
9313,terra.es
9360,razorsocial.com
9388,mylikes.com
9417,oursogo.com
9438,bukkit.org
9445,gahe.com
9478,loudwire.com
9482,teamcoco.com
9532,one.co.il
9557,qudong.com
9574,enlnks.com
9680,all-that-is-interesting.com
9688,xmissy.nl
9705,lexisnexis.com
9708,trinixy.ru
9734,queerty.com
9747,alt.com
9766,g-fox.cn
9808,tvi.ua
9815,xyu.tv
9869,freesound.org
9878,femjoy.com
9947,bobfilm.net
9973,shinystat.com
9980,finance.ua
10016,f5haber.com
10056,popcrush.com
10113,flyflv.com
10141,showhaber.com
10196,chatroulette.com
10242,wasu.cn
10275,douban.fm
10351,teamskeet.com
10357,mobypicture.com
10361,carambatv.ru
10380,dakwatuna.com
10401,melty.fr
10489,gamesgames.com
10512,silvergames.com
10560,coffetube.com
10565,mysitecost.ru
10622,brucelead.com
10641,worldstaruncut.com
10661,super.ru
10667,b9dm.com
10682,winfuture.de
10757,xyw.gov.cn
10760,beep.com
10775,inchallah.com
10806,spartoo.it
10859,technopoint.ru
10877,weatherbug.com
10911,luxuretv.com
10980,real-debrid.com
11021,movreel.com
11063,mover.uz
11066,wolfram.com
11069,japan-whores.com
11072,ryushare.com
11092,snapsext.com
11178,biznes.pl
11188,idup.in
11197,123-infidele.com
11221,canaltech.com.br
11222,indiamp3.com
11223,amateri.cz
11230,cineplex.com
11232,seriales.us
11237,cnki.com.cn
11275,kanobu.ru
11308,sextvx.com
11376,internetlifestylenetwork.com
11477,adbkm.com
11521,pizza.de
11558,photofunia.com
11621,hornbunny.com
11641,promodj.com
11658,radio.de
11680,ngacn.cc
11716,85st.com
11734,searchenginepeople.com
11751,banerator.net
11755,filmehd.net
11814,sbazar.cz
11831,zn.ua
11898,novorosinform.org
11931,pluska.sk
12013,anilos.com
12063,yy.com
12092,eircom.net
12105,paisalive.com
12127,snappages.com
12138,onlinemarketing.de
12177,sinchew.com.my
12178,clasificadosonline.com
12199,18-schoolgirlz.com
12213,moevideo.net
12216,istanbulbilisim.com.tr
12275,mixmarket.biz
12280,bsmarter.mobi
12282,ipiccy.com
12302,expressleech.com
12358,genk.vn
12373,milliyetemlak.com
12410,apa.tv
12538,kset.kz
12546,tvboxnow.com
12560,netology.ru
12595,groupon.ru
12608,1c.ru
12610,forbes.ua
12678,elobservador.com.uy
12700,yucatan.com.mx
12750,transworld.net
12772,ultimateclassicrock.com
12783,yumpu.com
12792,onsugar.com
12843,mediafree.co
12849,pcmax.jp
12895,indavideo.hu
12969,systemrequirementslab.com
12980,flowplayer.org
13052,camfuze.com
13079,secretcv.com
13116,mais.uol.com.br
13124,wapa.tv
13129,myfantasyleague.com
13137,purepeople.com.br
13183,vidinfusion.com
13248,mistrzowie.org
13263,bookit.com
13282,sportsnet.ca
13310,rcs-rds.ro
13343,streamin.to
13367,movistar.com.mx
13378,weeb.tv
13390,chative.com
13391,daytube.az
13395,1prime.ru
13401,kiwi6.com
13443,har.com
13470,delo.ua
13516,gethuman.com
13522,kn3.net
13532,porntheatres.com
13613,phim14.net
13659,hdteenpornmovies.com
13674,melty.es
13731,podomatic.com
13741,perrymarshall.com
13743,finofilipino.org
13750,tenplay.com.au
13768,mlmleadsystempro.com
13814,rss2search.com
13828,ising.pl
13851,scotsman.com
13973,boblil.com
14006,kajgana.com
14039,mooshare.biz
14050,gamejade.com
14074,kinkyinpublic.com
14077,adnkronos.com
14100,yralindia.tumblr.com
14117,yabadu.ru
14140,bhgmag.com.cn
14185,coome.ir
14203,a.tumblr.com
14208,lesjoiesducode.fr
14210,imagepost.com
14238,luxup.ru
14245,ladypopular.it
14295,kp.ua
14306,pejnya.net
14308,coco.fr
14312,yapfiles.ru
14313,mybalsamiq.com
14330,portaltvto.com
14415,nationbuilder.com
14457,sex3.com
14470,divshare.com
14486,yoreparo.com
14504,pleer.com
14505,safelinking.net
14507,hopelanguage.eu
14516,pof.com.br
14519,plaza.fi
14527,slideboom.com
14580,worldjournal.com
14593,rockdizfile.com
14611,momondo.com
14642,vuku.tv
14667,arcgis.com
14700,gameluna.com
14720,moto.pl
14741,femdom-fetish-tube.com
14748,everyeye.it
14758,fr.wix.com
14762,desigual.com
14772,dreamtv-online.com
14774,depic.me
14791,freemusicarchive.org
14802,tfilm.tv
14849,tele2.ru
14850,mature.nl
14866,ntvplus.ru
14953,ojogos.com.br
14960,e23.cn
15010,zumvo.com
15080,thecodinglove.com
15111,popcorntv.it
15118,daclips.in
15134,peliculasonlineflv.net
15213,iwbank.it
15222,itrack.it
15229,bendibao.com
15262,richdad.com
15306,puretrend.com
15411,funny-games.biz
15414,jovemnerd.com.br
15474,leton.tv
15546,renxo.com
15550,coolinarika.com
15581,mefeedia.com
15594,ati.su
15606,hsbcnet.com
15608,multiplayer.it
15611,crooksandliars.com
15628,napiprojekt.pl
15688,4shared-china.com
15707,usvsth3m.com
15711,kinky.nl
15717,bw18du.com
15742,newsok.com
15754,ja.wix.com
15781,cryptocoinsnews.com
15790,sinovision.net
15805,tokstok.com.br
15822,swalif.net
15890,metalinjection.net
15936,rmfon.pl
15952,lasvegassun.com
15954,deobp.com
15989,moviestarplanet.com
15991,online.ua
16010,ibb.gov.tr
16034,ejobs.ro
16046,time4education.com
16082,eska.pl
16107,niederschlagsradar.de
16139,managerzone.com
16158,cronica.com.ar
16184,akinator.com
16205,kafan.cn
16225,zaytung.com
16264,salonboard.com
16275,maxpreps.com
16278,kismia.com
16287,businessmarketingreview.com
16337,scoreland.com
16358,indusladies.com
16377,reshet.tv
16445,jobijoba.com
16476,enbac.com
16542,digisport.ro
16555,nta.co.jp
16556,trkjmp.com
16672,meltwaternews.com
16673,ictv.ua
16684,filedais.com
16688,medialand.ru
16716,nosvideo.com
16722,wetalk.tw
16765,awardsappliance.eu
16820,c2bsa.com
16848,haguan.com
16895,chinatt.com
16915,tupalo.com
16922,momondo.ru
16967,angelalliancegame.com
16983,el7l.co
17017,visit-x.net
17031,beepworld.de
17095,tochka.net
17106,clientsfromhell.net
17138,mobile88.com
17170,21sextury.com
17187,coolspotters.com
17224,edulife.com.cn
17251,fw.to
17255,hoytamaulipas.net
17264,radiovesti.ru
17285,pof.es
17304,turktorrent.cc
17373,imperiaonline.org
17375,igyaan.in
17393,telefonica.com.ar
17405,saism.com.cn
17415,semater.com
17422,flashgames.it
17474,users.wix.com
17508,shkolazhizni.ru
17541,brainjet.com
17600,mzsky.cc
17611,eu-city.com
17638,wivescheat.com
17643,sinoptik.bg
17646,bigthink.com
17647,integrate.com
17679,tv5.org
17739,docbao.vn
17755,print24.com
17763,mazdausa.com
17791,goclips.tv
17795,vtc.com.vn
17863,shoryuken.com
17866,hdfilmsitesi.org
17875,longfiles.com
17877,dogtime.com
17893,wirtschaftsblatt.at
17933,sofifa.com
17973,kisskissbankbank.com
17998,rodfile.com
18012,juegosdechicas.com
18035,mmcispartners.com
18114,mozook.com
18128,imgfarm.com
18168,person.com
18203,scenefz.net
18218,8-d.com
18224,gg.in.th
18240,comicsalliance.com
18320,tvquran.com
18333,takhfifan.com
18370,powvideo.net
18391,sidetick.tv
18405,ibuildapp.com
18411,adform.com
18418,um-per.com
18502,blackamericaweb.com
18505,gotgayporn.com
18510,nowrunning.com
18544,pic.re
18553,reflex.cz
18563,givealink.org
18566,io.ua
18648,xdkb.net
18668,hulkfile.eu
18695,hearthhead.com
18746,cancaonova.com
18792,rsport.ru
18806,ymka.tv
18816,vemma.com
18833,minoland.com
18838,playpink.com
18857,qrz.com
18893,moex.com
18898,redmas.la
18910,centrometeoitaliano.it
18970,pdfcast.org
19029,bangordailynews.com
19061,westsiderentals.com
19075,yicai.com
19079,mrtzcmp3.net
19106,mir24.tv
19119,basket4us.com
19253,leroymerlin.ru
19310,los40.com
19317,marketodesigner.com
19325,ufc.tv
19340,nrl.com
19378,igromania.ru
19392,backpack.tf
19439,goodgame.ru
19552,aolanswers.com
19574,teniesonline.ucoz.com
19595,website.ws
19633,floorplanner.com
19685,nrttv.com
19706,erongtu.com
19732,2sao.vn
19735,debrideurstreaming.com
19742,hellobeautiful.com
19775,wowgame.jp
19802,91porn.com
19804,stopgame.ru
19814,gamejolt.com
19849,penize.cz
19864,ribbet.com
19868,polit.ru
19929,playtv.fr
19974,chartsinfrance.net
20109,submityourflicks.com
20162,newsone.com
20180,love.hu
20239,weer.nl
20252,11870.com
20309,enorth.com.cn
20318,blastro.com
20321,lacasting.com
20350,dayviews.com
20356,vxcash.net
20370,movpod.in
20396,watchabc.go.com
20401,newsoboz.org
20451,cnjjtv.com
20592,snag.gy
20603,edaily.co.kr
20674,javhd.com
20699,tollfreeforwarding.com
20701,tvxs.gr
20729,glavred.info
20757,bvf.ru
20777,sanguosha.com
20840,ddfcash.com
20843,mpgh.net
20882,sprzedajemy.pl
20887,sharerepo.com
20901,zerx.tv
20979,jewishpress.com
21026,rd-fs.com
21056,jetfilmizle.com
21059,beemtube.com
21152,uh.edu
21182,gecce.com
21229,jambase.com
21243,tuanjuwang.com
21245,listen2myradio.com
21248,myproviderguide.com
21256,boomstarter.ru
21265,tvcatchup.com
21279,4upfiles.com
21307,sbs-ad.com
21390,p2p101.com
21399,ertelecom.ru
21400,xvidstage.com
21422,socialparody.com
21448,indyarocks.com
21484,digtrend.com
21491,filmow.com
21511,rollingout.com
21525,animespirit.ru
21619,xtgem.com
21672,wowpedia.org
21695,corporationwiki.com
21708,fakings.com
21737,borsen.dk
21757,bbbjjj.com
21758,svejo.net
21778,tving.com
21804,staralliance.com
21822,girlsgogames.ru
21854,penthouse.com
21863,taaze.tw
21900,simplybe.co.uk
21929,networkmarketingpro.com
21961,viva.gr
21976,jizzall.com
21996,synoniemen.net
22013,kino-live.org
22060,vidzi.tv
22076,auto.az
22077,fxopen.com
22176,kinghost.com.br
22184,fastvideo.eu
22201,clicktoview.org
22283,panamericana.pe
22292,miarroba.es
22315,xerver.co
22340,profit.ly
22341,deyerler.org
22350,alazmenah.com
22379,loola.com
22410,panjiva.com
22455,megafun.vn
22460,pagesuite-professional.co.uk
22508,geometria.ru
22531,happystreams.net
22532,wamiz.com
22533,footballfancast.com
22534,junocloud.me
22581,latribuna.hn
22585,indishare.com
22593,novini.bg
22660,onlinesoccermanager.nl
22685,kmplayer.com
22755,bonuszbrigad.hu
22799,newsen.com
22932,janebi.ir
22998,weltfussball.de
23005,arcadeyum.com
23012,popnexsus.com
23038,val.fm
23088,cafebiz.vn
23101,rayhigdon.com
23107,musicplayon.com
23110,pogoda.by
23119,canliradyodinle.com
23137,duproprio.com
23152,gleasy.com
23160,naturalbreakthroughsresearch.com
23168,payloadz.com
23180,daskapital.nl
23213,onoffmix.com
23214,secureupload.eu
23235,zbporn.com
23258,epailive.com
23279,comoeumesintoquando.tumblr.com
23308,nol.hu
23314,streamtheworld.com
23315,hyperclubz.com
23316,gamek.vn
23328,partnercash.com
23331,spartoo.es
23480,ahaonline.cz
23484,trilulilu.ro
23518,filmovizija.com
23544,tumi.tv
23560,peliculas4.tv
23577,creativity-online.com
23641,anafile.com
23651,mt.gov.br
23671,bonplan1.com
23694,toroadvertisingmedia.com
23699,tynt.com
23700,damplips.com
23715,pof.fr
23721,slide.ly
23760,vitalia.pl
23787,xxxhdd.com
23813,aohit.com
23814,atcontent.com
23818,spartoo.gr
23843,gossip.it
23847,meltybuzz.fr
23916,dmagazine.com
23917,vagex.com
23927,nyheter24.se
24019,insightexpressai.com
24040,fibaeurope.com
24052,nxtbook.com
24118,vesti.lv
24151,zssns.com
24236,ajobtoday.co.uk
24271,popurls.com
24296,pubrevenue.com
24313,placehold.it
24350,wacken.com
24354,pornotube.com
24405,wideo.co
24432,kindleren.com
24450,cookscentral.com
24476,xemphimso.com
24490,rst.ua
24526,smi.ru
24544,oovoo.com
24584,tuporno.tv
24654,dariknews.bg
24671,cinemania.es
24673,speedvideo.net
24676,danviet.vn
24708,everyday-carry.com
24723,is.gd
24761,truecorp.co.th
24771,lahoo.ca
24773,5zixi.com
24777,vademecum.es
24787,nwanime.com
24825,photojojo.com
24847,mixlr.com
24903,megashare.sh
24972,sandrarose.com
25017,goldline.pro
25036,startertv.fr
25083,videopremium.tv
25127,radioloyalty.com
25194,52cake.net
25245,memotoo.com
25252,speedtest.pl
25264,rosharing.com
25289,arabloads.net
25320,creately.com
25395,eroino.net
25417,redfucktube.xxx
25444,imgmega.com
25452,pornologo.com
25468,cgn.uol.com.br
25524,guzei.com
25532,streamray.com
25539,freemeteo.gr
25575,abovethelaw.com
25578,ifriends.net
25587,vplus.ro
25609,sportal.rs
25617,theurbandaily.com
25666,futbolecuador.com
25670,ingimage.com
25690,rtrk.com.au
25726,digisesso.com
25759,transformice.com
25765,adshost2.com
25785,giadinh.net.vn
25819,nur.cn
25837,xflirt.com
25841,terra.com.ar
25950,pubsrevenue.com
25974,game-game.com.ua
25986,airportwifi.com
26001,rcfans.com
26004,punto-informatico.it
26081,720pizle.com
26095,mp4upload.com
26157,rioupload.com
26189,mentorschannel.com
26232,koolearn.com
26264,adultsearch.com
26268,typiol.com
26296,crocotube.com
26386,kinomir.net
26453,whatifsports.com
26503,titantv.com
26509,clretar.net
26519,fm-base.co.uk
26573,niaogebiji.com
26586,catholic.org
26588,indimusic.tv
26612,xlgirls.com
26641,fabsugar.com
26648,prav.tv
26674,ethiotube.net
26685,playno1.com
26707,traffim.com
26712,elmaidane.com
26738,menhdv.com
26759,vm.ru
26788,herozerogame.com
26840,24chasa.bg
26892,petrotimes.vn
26928,bobsoccer.ru
26929,giaitri.com
26932,supermama.lt
26996,ulozto.sk
27023,gamedayr.com
27024,fileforever.net
27066,rapidvideo.org
27076,friendsite.com
27191,brecorder.com
27214,multikino.pl
27236,99js.com.cn
27249,bizportal.co.il
27265,beautyhigh.com
27299,biznik.com
27364,dywzx.com
27412,riemurasia.net
27477,airbnblogos.tumblr.com
27499,typingweb.com
27533,tributes.com
27592,eccie.net
27689,sharetv.com
27693,kashtanka.com
27751,turbonuke.com
27757,monsterfiles.com
27800,hornywife.com
27803,faktopedia.pl
27821,wm.pl
27886,rtlklub.hu
27927,foch.pl
27930,peliculasid.net
27951,dailyzenlist.com
28026,j-wave.co.jp
28055,metronews.ca
28169,woisio.com
28199,apkbus.com
28209,st-secure.com
28245,polygamia.pl
28247,rockettube.com
28251,sport.ua
28259,medyafaresi.com
28353,milfzr.com
28366,gruper.pl
28380,sexart.com
28393,octopart.com
28402,famehosted.com
28440,tvapk.net
28474,explore.org
28505,avtv.cc
28510,pronouncenames.com
28534,directcpv.com
28561,cinemaxx.de
28575,ngvoc.com
28599,ryminos.com
28620,trimdownclub.com
28628,olr.com
28660,asahibeer.co.jp
28671,inttrax.com
28677,filemoney.com
28769,thejakartaglobe.com
28816,juiceadv.com
28840,fx1258.com
28847,haberand.com
28873,gurugossiper.com
28940,girlsgogames.co.id
28965,frip.com
28973,noobroom7.com
28984,voicetube.tw
29005,travelbird.de
29024,kiskegyed.hu
29094,order-order.com
29100,gde-fon.com
29131,smotrisport.tv
29155,nahright.com
29222,pdalife.ru
29224,precisionnutrition.com
29261,bored.com
29272,ugotuj.to
29296,tasteofcountry.com
29322,klops.ru
29409,bloknot.ru
29426,clockingit.com
29431,algerie360.com
29436,tuliu.com
29447,edulands.com
29484,jmbullion.com
29530,antoloji.com
29533,homehardware.ca
29568,flashvortex.com
29577,nhacso.net
29593,memorado.fr
29610,avex.jp
29618,upafile.com
29669,boxza.com
29682,bournemouthecho.co.uk
29706,girlsgames.su
29712,gaceta.es
29741,xfire.com
29799,bt49.com
29807,feel-bar.com
29829,visitweb.com
29831,theboombox.com
29918,mala.cn
29928,mymagneticoffice.com
29942,emv3.com
29975,4downfiles.com
30084,nubb.com
30122,faapy.com
30139,freshvideo.net
30201,mpora.com
30222,imguol.com
30224,sxnarod.com
30227,donnaglamour.it
30259,aclu.org
30260,novaskin.me
30335,webwereld.nl
30352,pajarracos.es
30357,homestyler.com
30361,rimnam.com
30380,fc-zenit.ru
30399,mindmegette.hu
30426,flixpress.com
30478,piter.tv
30479,uffiliates.com
30529,porn-sphere.com
30555,radio.fr
30556,minq.com
30572,canlidiziizleyin.com
30603,passion.com
30624,strikeout.co
30628,learnersdictionary.com
30641,gostats.com
30644,lula.pl
30647,milfshookup.com
30758,sadbrazilians.tumblr.com
30798,superhry.cz
30809,europafm.com
30851,vzaar.com
30875,rtrk.com
30885,r2sa.net
31056,babesmachine.com
31100,acefile.net
31120,biertijd.com
31159,xxxshare.com
31241,it.wix.com
31251,puremature.com
31253,ptfish.com
31269,17zuoye.com
31271,easybytez.com
31336,psaxdp.com
31361,ovkuse.ru
31381,taimaclub.com
31442,povd.com
31465,zingaya.com
31473,tuwien.ac.at
31483,fd.nl
31515,trendland.com
31540,hotnews.bg
31551,arabscene.org
31586,2porno.tv
31605,tonybatman.com
31629,sweetiegames.com
31653,anyfiles.pl
31691,broadbandspeedchecker.co.uk
31752,bitchcrawler.com
31785,realt.by
31819,uzum.tv
31878,theargus.co.uk
31885,sluttyporntube.com
31896,fundrazr.com
31996,gazeteport.com.tr
31999,yonyouup.com
32032,terrysdiary.com
32054,enterthemeeting.com
32117,timesfreepress.com
32143,scubaboard.com
32184,de.wix.com
32214,domai.com
32243,petrasplanet.com
32266,jalbum.net
32280,weixiaoyao.com
32360,suero.tv
32438,alcatel-lucent.com
32441,friendfinder.com
32482,episodecalendar.com
32590,getiton.com
32641,teenport.com
32647,oas.org
32662,todorelatos.com
32724,paidimg.com
32753,333k.com
32762,geobytes.com
32774,kinostok.tv
32819,detectahotel.com
32830,pro-tv.net
33026,alfa.lt
33037,zhanghaibo.com
33106,chinasalon.cn
33112,luojiawang.com
33165,usersfiles.com
33178,888777.com
33223,wallpaperstock.net
33235,antifashist.com
33271,job1001.com
33305,trahtube.tv
33353,adaccess.fr
33389,gmbox.ru
33416,viboom.com
33450,annuaire.com
33456,zita.be
33516,ferriz.com.mx
33526,mazika-drama.com
33528,aladin.co.kr
33629,fanatik.ro
33694,newsweekjapan.jp
33709,marti.mx
33776,ty7.cn
33854,querocriarumblog.com.br
33857,gloria.tv
33872,myomnistar.com
33892,whatshouldwecallme.tumblr.com
33977,deutsch.xxx
34013,rbc.cn
34033,privet.ru
34040,real-movies.net
34045,rumo.com.br
34058,wordpress.org.cn
34059,fdive.com
34068,virb.com
34166,meteopress.cz
34183,left.gr
34190,durdom.in.ua
34216,ccfunny.com
34232,court.gov.cn
34278,chicagomag.com
34314,gamecoco.com
34366,nomnompaleo.com
34399,iplayer.fm
34463,0796jgs.com
34481,asredas.com
34513,52exe.cn
34540,hulkload.com
34619,leleyuan.com
34632,conexaomp3.com
34693,atos.net
34720,5-tv.ru
34759,moviestarplanet.fr
34845,vidstream.in
34890,cruisecontroldiet.com
34933,cleeng.com
34939,protv.md
34941,bluebreeze.co.kr
34945,casasugar.com
34959,appbyme.com
34964,coolrilla.com
34965,eskago.pl
34983,muabannhadat.com.vn
35014,ariyagame.com
35026,momondo.dk
35069,homosexualtube.com
35099,iford.cn
35140,deindeal.ch
35182,telecineplay.com.br
35202,xsbee.cn
35238,fdzone.org
35268,uploads.ru
35283,html5maker.com
35306,5ilthy.com
35343,igdigital.com
35470,buzzsugar.com
35473,ds-hk.net
35483,omelhordobairro.com.br
35577,vaughnlive.tv
35668,cacaoweb.org
35730,lafucina.it
35731,girlsgogames.fr
35755,celebrations.com
35806,cxz.to
35893,thrashermagazine.com
35932,vidbux.com
35967,shoprex.com
36028,lvme.me
36059,rendez-vous.ru
36092,qiran.com
36129,macmagazine.com.br
36131,viataverdeviu.ro
36153,tfanli.net
36157,40somethingmag.com
36168,098.com
36201,kelbyone.com
36236,file-space.org
36263,akbartravels.com
36282,anything2mp3.com
36283,put.io
36346,alexa.cc
36365,violet.vn
36382,364200.cn
36391,bellasugar.com
36453,skelbimai.lt
36489,hdyabancidizi.com
36540,hentaischool.com
36624,topgearrussia.ru
36655,sports.kz
36680,zgqmbbs.com
36683,autolife.cn
36694,white-co.biz
36730,game-advertising-online.com
36787,zzlovehome.com
36788,stylowi.pl
36794,mgoon.com
36805,luckyorange.com
36854,spartoo.pt
36903,esselunga.it
36992,myastro.gr
36998,brain.com.tw
37041,melty.it
37060,dawateislami.net
37079,musiccityondemand.com
37115,crocreview.com
37138,aifeiyi.com
37163,mapia.ua
37193,4gfy.com
37209,tiny4k.com
37235,theadulthub.com
37257,jintoutiao.com
37286,funradio.sk
37288,arcadesushi.com
37312,baozou.com
37323,tombunker.tumblr.com
37339,nordfx.com
37358,garotasestupidas.com
37366,easyvideosuite.com
37384,rio.bg
37390,playpickle.com
37393,mxwz.com
37406,uppod.ru
37441,realvid.net
37444,clady.cn
37478,yumsugar.com
37507,wangbo.com
37553,kdsj2.sx.cn
37556,tv3sport.dk
37572,bnat11.com
37608,czdyh.com
37616,filehoot.com
37651,b2d8.com
37671,bytbil.com
37682,leechturk.com
37789,archiwumallegro.pl
37810,bonertube.com
37834,senatus.net
37887,brekend.nl
37936,seopult.tv
37983,one.lt
38029,bobagento.com
38034,blog.nl
38065,lznews.cn
38107,gvoconference.com
38224,streetvoice.com
38230,yohobuy.com
38252,hpc.ru
38266,thegrouplet.com
38310,eduease.com
38319,port.ro
38332,escoladinheiro.com
38379,phim1.org
38406,movieplayer.it
38440,83suncity.com
38443,pof.com.mx
38465,3doyunlar.net
38478,myfolio.com
38502,seekingmilf.com
38516,xcity.jp
38549,vplay.ro
38559,mostazafin.tv
38605,fuckalone.xxx
38616,tutorialized.com
38701,99shq.com
38767,blingee.com
38794,podfm.ru
38813,ikoo.com
38814,fanat1k.ru
38928,obligao.com
38930,mqiu.com
38941,besgold.com
39013,hochu.ua
39055,acesse.to
39063,dailyecho.co.uk
39102,folhadirigida.com.br
39160,egorealestate.com
39173,kino-v-online.tv
39211,pop800.com
39314,lavoztx.com
39343,zhuixinfan.com
39344,sevastopol.su
39365,winamax.fr
39404,guiltybit.com
39445,jurong.cn
39451,esnai.com
39480,ch7.com
39490,planetphotoshop.com
39497,feedreader.com
39510,gemo.fr
39542,peredovaya.ru
39570,gavros.gr
39643,blossoms.com
39664,euribor.com.es
39670,socialpostsuiteapp.com
39673,gaastraproshop.com
39698,141hongkong.com
39788,pornsos.com
39803,yybf.com
39855,allfilmonline.tv
39860,aliensubtitles.com
39870,go2jump.org
39896,spdyhost.net
39930,factnews.mn
40008,goddessnudes.com
40010,gameslist.com
40012,joinfile.com
40033,nikestore.co.kr
40052,girlsgames123.com
40054,alsscan.com
40078,himemix.com
40091,hostingbulk.com
40108,btvnews.bg
40132,younggirls-sex.com
40144,richkidsofinstagram.tumblr.com
40154,filetut.com
40180,unibetaffiliates.com
40186,errotica-archives.com
40225,bookcrossing.com
40233,bizlive.vn
40278,gxfxwh.com
40293,al3abhi.com
40456,thisisnthappiness.com
40476,juggcash.com
40503,fileparadox.in
40557,joara.com
40563,momondo.se
40599,gamenaz.ir
40654,muzy.com
40673,extreme-board.com
40706,qqnba.com
40740,uploadyourimages.org
40744,newspaperarchive.com
40760,pornozapravka.com
40777,cmstop.com
40795,xogogo.com
40797,teletu.it
40821,chengtu.com
40834,vlocker.org
40837,kyleleon-customizedfatloss.com
40853,americanbang.com
40929,bxymlt.com
40939,mineplex.com
40940,testfunda.com
40958,joymii.com
40987,kentuckysportsradio.com
41039,eroticbeauty.com
41071,vozupload.com
41081,littlevisuals.co
41099,ilovematlab.cn
41110,djaweb.dz
41250,zhbaobao.com
41283,fox17.com
41333,bitturk.net
41422,mapabc.com
41439,xuelecn.com
41558,adhood.com
41600,isoshu.com
41656,jhnews.com.cn
41733,iebook.cn
41756,adlike.net
41802,valasz.hu
41823,ellos.se
41904,bezrealitky.cz
41915,bookmate.com
41923,superchillin.com
41946,yorkshireeveningpost.co.uk
41983,tastelikepizza.com
41985,hexupload.com
42021,theplatform.com
42048,qiupan.com
42099,itkee.com
42111,booooooom.com
42117,krasview.ru
42125,bambuser.com
42146,18stream.com
42150,vtr.com
42165,adpro.cn
42172,puthiyathalaimurai.tv
42175,izvozic.ru
42190,diffuser.fm
42222,mfhk8.com
42252,esafety.cn
42258,single.de
42275,kuwoziliao.cn
42303,332527.com
42306,publika.md
42323,starcasm.net
42343,mtr.com.hk
42390,stileproject.com
42412,uploadmirrors.com
42425,cecol.com.cn
42443,latino-serialo.ru
42491,pixiz.com
42510,altapress.ru
42589,sogua.com
42612,deltaattack.com
42613,jecouche.com
42619,smashits.com
42651,51v.cn
42655,solomio.nl
42660,undertone.com
42754,blackdoctor.org
42850,som13.com.br
42865,cspplaza.com
42870,swzx.com
42876,flirchi.ru
42878,penbbs.com
42888,cdmama.cn
42889,lvyou168.cn
42896,namba.kg
42938,8showbiz.com
42963,propeller.hu
42974,synthtopia.com
43005,ccbuild.com
43058,mp3cut.net
43083,jillsclickcorner.com
43182,blogfeng.com
43231,skill2thrill.com
43259,luminate.com
43274,phunuonline.com.vn
43309,womenagainstfeminism.tumblr.com
43321,tvnoviny.sk
43326,geek-workshop.com
43329,saoonline.vn
43363,360email.cn
43376,bayan24.net
43420,savorthesuccess.com
43424,so-net.net.tw
43503,openapp.net.cn
43612,unsoloclic.info
43630,pornrabbit.com
43678,omisenomikata.jp
43702,revision.ru
43728,airbrake.io
43730,rutv.ru
43749,privdating.com
43794,markiza.sk
43828,needanarticle.com
43849,coldfilm.ru
43851,rtrk.de
43876,ceoim.com
43878,city-upload.com
43890,cocacola.es
43934,mega-vids.com
43964,vator.tv
43971,fliphtml5.com
43982,avtobazar.ua
44001,minecraft.fr
44020,giosany.com
44028,evergreenbusinesssystem.com
44057,178448.com
44076,torrentrg.com
44092,10yan.com
44104,divxstream.net
44129,iufida.com
44169,homegrownfreaks.net
44170,ty356.com
44178,80lou.com
44197,hotelscombined.com.au
44215,pogoplug.com
44247,hentaicore.net
44259,gojobsearch.com
44359,kedem.ru
44365,faststream.in
44446,zjypw.com
44455,chinaauto.com.cn
44481,masok.cn
44521,tomorrowlandradio.com
44530,mp1st.com
44541,metrolistmls.com
44542,fantasyhd.com
44580,posterxxl.de
44596,magazinefeed.net
44609,rollingstone.es
44634,dothome.co.kr
44644,kutv.com
44665,vprognoze.ru
44750,racer.com
44759,xinpg.com
44777,goldenpages.ie
44779,7711.com
44793,foxtube.com
44808,tuozhe8.com
44837,tv2.hu
44865,futurebazaar.com
44887,0596lh.com
44986,stencyl.com
45006,ian.com
45014,filedwon.info
45058,theberrics.com
45120,186ceo.com
45126,housetube.tw
45163,vietnamnettv.vn
45191,numberone.com.tr
45318,simplisafe.com
45327,ichenyang.cn
45446,netmarble.in.th
45448,idols69.com
45515,isavelink.com
45540,putlocker.la
45550,yeec.com
45584,internetspeedtracker.com
45626,zjoubbs.com
45629,kaikaidai.com
45644,livestrip.com
45698,86bus.com
45706,ridewithgps.com
45762,listenpersian.net
45785,lyrsense.com
45809,oscaro.es
45814,18eighteen.com
45875,tynon.com
45929,btbird.com
45942,hebcar.com
45982,rising.com.cn
46093,p2pdh.com
46149,spele.nl
46155,hkbici.com
46183,sextubespot.com
46218,teenboysup.com
46219,jingyou365.com
46255,moneyshow.com
46257,worldfootball.net
46264,ca001.com
46266,qjren.com
46267,ttyva.cn
46378,rabotaizdoma.ru
46397,utomorrow.com
46443,shufa121.com
46469,votesmart.org
46513,jy391.com
46519,spruz.com
46531,croatia.hr
46605,paleomg.com
46635,dailysanctuary.com
46636,post76.com
46656,czechcasting.com
46718,layersmagazine.com
46734,clipiki.ru
46740,vn-mozzi.biz
46757,virginradio.fr
46855,devopsreactions.tumblr.com
46869,zhongguohuo.com
46895,qiqigames.com
46912,empregocerto.uol.com.br
46929,motof.cn
46961,ainol.com
46983,zyxel.ru
46994,markmail.org
47034,netmarble.co.id
47043,ygj.com.cn
47061,flipkartcareers.com
47072,hanatour.com
47114,churchleaders.com
47129,cuplayer.com
47163,etoya.ru
47169,repsol.com
47194,mci.gov.sa
47255,gametaz.ir
47260,kizoa.com
47265,entrecoquins.com
47286,jacketrequired.jp
47333,cooco.net.cn
47344,dg.gd.cn
47382,gameplanet.com
47385,567jia.com
47405,sportacentrs.com
47456,hugoboss.cn
47472,feedbooks.com
47476,banjiajia.com
47480,smartmovies.net
47484,gdzijin.com
47541,pzz.cn
47562,giordano.com
47632,indir.com
47665,tipsbladet.dk
47674,alan-4.com
47683,pdsbbs.com
47695,cam4bucks.com
47757,liweihui.com
47766,mirohost.net
47775,qqwuhan.com
47865,auto-price-finder.com
47867,17lu.cn
47911,bestkino.su
47916,0838.com
47968,oop.com.cn
48028,maps.lt
48031,machomoe.com
48076,salefiles.com
48139,wshiti.com
48163,haberciniz.biz
48224,huomo.cn
48231,tubery.com
48284,lubetube.com
48291,168kai.com
48315,girlbt.com
48324,xuanyucttw.com
48331,localendar.com
48343,vidzbeez.com
48350,gupiao8.com
48359,manxiangyi.com
48412,nud3.com
48413,nashgorod.ru
48427,5xiaoyuan.cn
48466,bookan.com.cn
48467,telefenoticias.com.ar
48490,vufel.tv
48642,playnb.com
48660,uploadrocket.net
48673,hdcineonline.com
48693,castingcouch-x.com
48716,chehuo.cn
48719,sannhac.com
48839,joomlaclube.com.br
48870,eot.su
48876,cenwor.com
48921,cinetelerevue.be
48937,madeindesign.com
48945,alyisheng.com
48948,camiseteria.com
48967,redclick.ru
48994,zdbb.net
48998,thatgrapejuice.net
49017,yaom.ru
49089,comicdd.com
49095,pds.com.cn
49097,escolafreelancer.com
49154,idx.com.cn
49156,scz-bbs.com
49176,dbd.go.th
49179,desitvforums.net
49223,studio-radish.com
49261,24gadget.ru
49266,tressugar.com
49311,guanyisoft.com
49335,vine.tc
49339,cskaoyan.com
49345,3399.com
49360,dsybbs.com
49371,pornk.org
49437,95k.com
49503,zibbo.com
49534,yr188.com
49547,nhra.com
49564,ping.com
49607,app.highwire.com
49651,proactiv.com
49685,harpersbazaar.es
49692,mofoscash.com
49764,starkana.com
49775,dadeschools.net
49851,onlookersmedia.com
49862,savvysugar.com
49925,d2jsp.org
49943,foxyapp.com
50035,anuncioo.com
50039,pcfuns.com
50066,memorado.net
50122,xmusic.me
50256,cezmikalorifer.com
50270,rickeysmileymorningshow.com
50279,keyaliu.com
50405,yourlisten.com
50420,lorempixel.com
50432,btc798.com
50438,fnkq.com
50441,gandew.com
50443,nipponpaint.com.cn
50453,youyouwin.com
50483,eisdl.com
50538,www.parliament.uk
50543,v2my.com
50585,ventunotech.com
50603,daifans.com
50647,gol.bg
50716,kuaihuoniao.com
50731,8234567.com
50768,popsugar.com.au
50786,novamakedonija.com.mk
50812,fuyang.com
50853,amonshare.com
50857,eurolive.com
50890,vuclip.com
50897,videosift.com
50998,aisfile.com
51020,tutkagames.com
51108,piter.fm
51130,instantpresenter.com
51164,21ask.com
51171,moviestarplanet.de
51182,bitded.com
51217,hzbike.com
51312,indirdik.com
51315,ajwzw.com
51327,kaksplus.fi
51332,hxsaige.com
51342,ladnydom.pl
51365,clipsage.com
51380,girlsavenue.com
51400,xfastest.com
51429,diaoyu19.com
51434,showmypc.com
51510,static.wix.com
51558,virginradio.it
51584,firsatbufirsat.com
51611,adminn.cn
51640,aisousuo.net
51644,kawasaki.com
51645,ef.com
51653,glyde.com
51671,springboardplatform.com
51711,hilizi.com
51719,flashgamedistribution.com
51728,r021.com
51769,radiotime.com
51771,3animalsextube.com
51779,ijiangyin.com
51860,anistar.ru
51894,dealdash.com
51898,offlajn.com
51953,ahalei.com
51985,dicasdemulher.com.br
52007,syshospital.com
52015,polarisbusinessmanager.com
52031,a028.com
52078,adpay.com
52095,avatan.ru
52106,9ye.com
52110,5eplay.com
52118,rylskyart.com
52127,chunqiuwang.com
52144,serialetv.net
52145,taohua001.com
52188,oplas.cn
52231,videobox.tv
52254,flvxz.com
52297,checkoo.com
52321,info7.mx
52362,globalincidentmap.com
52432,3qhouse.com
52507,shenguang.com
52518,bandog.cn
52589,sishuok.com
52592,shoes.fr
52596,elele.com.tr
52617,chinapet.com
52626,canyin168.com
52638,travelbird.be
52647,offer99.com
52651,fzpig.com
52662,jeuconcours.fr
52667,starbucks.cn
52682,you-ng.it
52720,gamereactor.se
52781,casualmilfs.com
52806,purlive.com
52844,haberedikkat.com.tr
52858,multiki-online.net
52899,cityb2c.net
52970,zc173.com
52987,wtfpass.com
53011,maeda-atsuko.cn
53021,roommates.com
53048,semvisa.cn
53093,yofus.com
53106,jogosonlinegratis.uol.com.br
53115,ksmom.com
53141,netmarketshare.com
53156,builtwithbootstrap.com
53279,jumbofiles.com
53318,audioknigi-online.com
53347,enetedu.com
53399,revision3.com
53423,seattleclouds.com
53494,ndkingdee.com
53506,tp-coupon.com
53510,talkshoe.com
53526,mx3g.com
53568,cnzhanzhang.com
53615,e-noticies.cat
53627,flexydrive.com
53675,ajax.nl
53690,gz0668.com
53702,zeemaps.com
53708,xmatch.com
53737,onlinechatcenters.com
53790,waimaidan.com
53800,omo.com.cn
53816,girlsgogames.it
53833,rapidbbs.cn
53861,tr.wix.com
53907,brandzx.com
53933,mediaforum.az
53999,nb5.cn
54060,honda.ca
54090,bjdiaoyu.com
54160,ucankus.com
54172,iiberry.com
54182,hub.com.pl
54278,hostgator.co.in
54340,dom2.tv
54347,reporteindigo.com
54364,315online.com
54444,whtaxi.com
54457,adservesystem.com
54507,sannichi.co.jp
54519,yjz9.com
54594,capes.gov.br
54627,bignews.biz
54668,zituu.com
54698,zskche.com
54705,rp5.ua
54717,winrar.es
54729,youxihun.com
54740,50plusmilfs.com
54749,hometab.com
54758,theownerbuildernetwork.co
54771,kapital.kz
54773,0739bbs.com
54795,reyada.com
54800,dimisporncave.com
54803,dreamsdown.com
54861,sjz7.com
54886,quer-denken.tv
54895,pingtan66.com
54904,talkfusionconnect.com
54912,55168.cn
54942,computertotaal.nl
54946,game8848.com
54950,liukeya.com
54958,loterie-nationale.be
54963,grou.ps
54965,lightnovel.cn
54990,ceweekly.cn
54995,goggle.com
55012,0411j.com
55039,feoue.com
55058,sex-empire.ru
55074,duojiaochong.com
55109,t-mobile.at
55152,russia.ru
55227,ourdeal.com.au
55261,bluekai.com
55280,qingtanwang.com
55318,kstp.com
55322,55625.com
55341,bobd.cn
55344,igniterealtime.org
55398,czechav.com
55399,yamaha-motor.com
55430,fastcommerce.com.br
55488,fupa.com
55535,samsung.de
55595,pornfidelity.com
55608,pertamina.com
55640,movdivx.com
55653,sharafdg.com
55680,mubi.com
55683,mozest.com
55740,yourvideohost.com
55781,315700.com
55789,myhit.com
55795,cakeok.cn
55809,web0551.com.cn
55863,p3.no
55892,humankinetics.com
55894,pcsoft.fr
55910,rouxbe.com
55931,paparazzi.ru
55979,001200.com
55987,moscowmap.ru
55989,cloudyvideos.com
56059,spynet.ru
56104,teentubeshd.com
56139,cafepress.co.uk
56156,metartnetwork.com
56214,cjc.net.cn
56299,instantcashsweepstakes.com
56307,heroesandgenerals.com
56315,kenhtuyensinh.vn
56341,ele.ro
56405,spartoo.de
56410,yorkphoto.com
56433,watchonlinefree.tv
56471,elrellano.com
56506,roshare.info
56658,plupload.com
56694,rad.io
56703,vcxo.cn
56748,hongmishouji.com
56801,wodexiangce.cn
56825,8am.af
56836,cenjd.com
56845,evony.com
56861,vid.bz
56883,gamcore.com
56884,vxtool.net
56910,torontolook.net
56930,e-pages.dk
56940,zzzhaojiao.com
56992,da86.cn
56998,huzhulu.com
57045,profit.bg
57119,lookerchina.com
57133,videomore.ru
57135,shhuu.com
57161,sector.sk
57228,kekuko.com
57244,hdonline.vn
57311,zhuozhan.com
57315,mathletics.com
57476,220tube.com
57483,themediastorage.com
57485,horse.org.cn
57510,sipnet.ru
57576,bigbangtv.ru
57601,resume-now.com
57612,continental.com.ar
57684,oupeng.com
57692,head.com
57695,freeze.com
57790,sportsnetwork.com
57806,smotra.ru
57884,trabzonspor.org.tr
57895,therundown.tv
57946,0516k.com
57974,21sexturycash.com
57986,nkb.com.cn
58033,dbpedia.org
58060,younadesu.tumblr.com
58076,videolog.tv
58097,cesumar.br
58109,goalserve.com
58127,bitsuse.com
58149,vdopia.com
58156,morningstar.co.uk
58193,qcip.cn
58222,jlspr.com
58265,clipd.com
58269,chenqi.com
58272,zjtt.cn
58360,preall.com
58364,nx8.com
58388,homepagemodules.de
58402,mimizun.com
58456,4geo.ru
58518,filecore.co.nz
58529,kaqi98.net
58565,doublegear.com
58568,usqiaobao.com
58584,d1jiankang.net
58594,artgorbunov.ru
58619,camgle.com
58646,heltnormalt.dk
58653,rewardingways.com
58704,namorico.me
58708,musicfeeds.com.au
58887,momondo.de
58899,rttnews.com
58950,sfshare.se
59050,mediatelecom.com.mx
59063,b2blogger.com
59101,renault.com.tr
59181,pearljam.com
59188,dotwconnect.com
59205,videisimo.net
59256,tidymom.net
59269,narutoplanet.ru
59299,bloggif.com
59339,youjoomla.info
59357,trahun.tv
59364,aflamsextube.com
59365,unice.fr
59403,0575bbs.com
59404,fsexy.net
59494,okn.com.cn
59567,themediatrust.com
59620,cinemascoop.in
59627,webcamwiz.com
59641,szmami.com
59675,rtrk.co.uk
59770,oyunyoneticisi.com
59775,therealnews.com
59829,mightymagoo.com
59860,kinoylei.org
59903,dogry.pl
59948,byrenjia.com
59955,golfweek.com
59961,ntc.com.cn
59962,loreal.com
59980,luiszuno.com
60065,casinocontroller.com
60103,gowatchit.com
60116,pumpshooter.com
60137,jamplay.com
60168,fooyoh.com
60196,elle.com.tr
60278,rapidppt.com
60308,salisburywoodworks.com
60360,hacker.com.cn
60367,playreplay.net
60425,thesurvivalpodcast.com
60427,news.ge
60519,xinxifang.com
60552,informz.net
60685,confusedcatsagainstfeminism.tumblr.com
60701,runningdrawing.tumblr.com
60761,tahminkolik.com
60775,esurv.org
60781,dropvideo.com
60795,istanbul.net.tr
60804,okfun.org
60809,tgearheads.com
60865,hubblesite.org
60877,mysexseeker.com
60887,012.tw
60920,ovego.3dn.ru
60969,tendatta.com
60976,journalmetro.com
61020,vg.hu
61042,2th.me
61069,gamesrow.com
61082,u3d.as
61106,kogama.com.br
61111,wild-galls.com
61210,yorkshirepost.co.uk
61251,irc-galleria.net
61260,boxca.com
61287,gphonefans.net
61294,circlepix.com
61304,xmlpack-xml.com
61371,minimalart.cn
61402,hx9999.com
61436,kindofnormal.com
61449,redbunker.net
61457,tvgid.ua
61511,fatbraintoys.com
61542,sarahpalinchannel.com
61601,pelikan.sk
61647,mature.eu
61751,tamugaia.com
61762,atkritka.com
61796,teenhqsex.com
61798,woow.com.uy
61814,paypal-special.com
61840,sansiri.com
61887,1kinobig.ru
61898,newstig.com
61998,hgmeng.com
62001,portsmouth.co.uk
62031,keenfootwear.com
62111,magesy.club
62113,phimnhanh.net
62154,forexticket.com
62181,chinanews.hk
62239,crazymonkeygames.com
62242,zooppa.com
62286,eltiempo.com.ve
62368,573.com
62381,iknow.jp
62414,hjav.org
62485,77xyl.com
62568,advancedhosters.com
62617,tatarlove.ru
62635,loudupload.com
62686,mediaporntubexxx.com
62715,52huzhu.com
62739,thedjlist.com
62892,novanews.bg
62911,qinmin8.com
63025,lafse.ru
63073,42qu.com
63099,rp5.kz
63164,bigflix.com
63432,peliculaswarez.net
63535,perfectpriceindia.com
63549,jcwcn.com
63574,daiwahouse.co.jp
63583,lighthouse.com.cn
63641,flashfly.net
63715,xfznw.com
63736,6482.com
63749,fenyucn.com
63826,gpw-oman.com
63853,vingbo.com
63884,sklavenzentrale.com
63887,arabfilms.net
63921,cliomakeup.com
63932,uploadingit.com
63960,ikinokz.net
63996,sxdaily.com.cn
64003,basegu.com
64026,anywlan.com
64048,movzap.com
64071,player.hu
64076,diritto.it
64100,freewaregenius.com
64110,5its.com
64158,meteoinfo.by
64176,cheatinghousewife.com
64191,ecocosas.com
64217,usga.org
64238,wendu.com
64247,artician.com
64311,hilltopads.net
64337,vtwtv.biz
64339,rtvoost.nl
64427,tenceretv.com
64435,hgsitebuilder.com
64437,gameshok.com
64461,tiannv.com
64471,have8.com
64488,lawyer.com
64502,startmeeting.com
64543,welele.es
64552,schwindt-pr.com
64554,ashoora.ir
64573,ugamsolutions.com
64594,sabaya.ae
64606,bigbangempire.com
64668,ipinfodb.com
64862,adsdelivery1.com
64885,21hulian.com
64935,5x5m.com
65000,ourworld.com
65029,ymall.com
65041,morningstar.es
65050,ulogin.ru
65108,imoti.net
65111,fileinz.com
65126,stupidcams.com
65130,flashdriven.com
65137,ourgames.ru
65164,comfree.com
65192,fagms.net
65249,nationalgeographic.co.jp
65263,mebank.com.au
65303,mapgis.com.cn
65371,adonisgoldenratio.com
65372,edenflirt.com
65376,shegotass.info
65389,vhx.tv
65394,lojavirtualfc.com.br
65398,inlishui.com
65417,millionb.com
65446,snimka.bg
65469,yamahamotorsports.com
65608,canalplus.es
65627,outpersonals.com
65686,supr.com
65691,hdvnbits.org
65698,sasisa.ru
65746,jamesallen.com
65761,csztv.com
65764,dev.wix.com
65781,mjnet.co.jp
65796,sgst.cn
65825,zdorovieinfo.ru
66006,jizz.us
66049,fedenerazzurra.com
66090,voip88.com
66169,beurettesvideo.com
66206,elhorizonte.mx
66227,red-website-design.co.uk
66252,liveundnackt.com
66295,onmilwaukee.com
66307,riarealty.ru
66367,amigos.com
66384,salemcg.com
66392,globalteaser.ru
66460,clicknupload.com
66479,baophapluat.vn
66493,mazdamexico.com.mx
66521,zhaoqing.gov.cn
66547,gotprint.com
66566,naughtymag.com
66671,fan2.fr
66777,lkvideos.net
66868,lasvegasweekly.com
66879,ipon.hu
66913,sinematurk.com
66916,foto.com
67023,anhanguera.com
67025,nirvana.fm
67142,multfile.com
67170,uniflip.com
67214,vive.in
67234,navahang.com
67248,turbina.ru
67281,qguys.ru
67284,akmall.com
67332,awardscircuit.com
67422,flirtfair.de
67443,pulseradio.net
67506,moy-expert.ru
67513,scorehd.com
67531,saatkac.com
67562,gloria.hr
67626,6arab.com
67649,nuu.cn
67664,gg4.com.br
67731,velton.ua
67744,inter.ua
67773,boysfood.com
67798,dapurpacu.com
67848,domeggook.com
67873,jidianzaixian.com
67882,gamovideo.com
67916,kendrascott.com
67932,actiongirls.com
67968,gamesgal.com
68016,turkdepo.biz
68111,herosmack.com
68120,xemvtv.net
68225,xsolla.com
68273,cbs12.com
68380,ryukyushimpo.jp
68392,labrujula24.com
68399,j-president.net
68415,theboltonnews.co.uk
68438,elisa.fi
68467,stream-oase.tv
68478,techhive.de
68489,websjy.com
68490,algerietelecom.dz
68525,exist.ua
68539,danbolig.dk
68589,northnews.cn
68602,i-on.ru
68611,medsovet.info
68642,lonestar.edu
68680,ridna.ua
68743,vinaphone.com.vn
68775,tv100.ru
68795,pl.wix.com
68841,zoomin.tv
68873,shana.ir
69007,jemtube.com
69008,unity3d.ru
69049,nexofin.com
69075,mhchn.com
69096,royal-canin.cn
69149,fullsongs.net
69210,ryu-ga-gotoku.com
69280,tdx.com.cn
69307,topspin.net
69315,onetubesex.com
69340,dollarsignup.com
69423,indecentes-voisines.com
69493,energa.pl
69516,time.gov
69524,registerguard.com
69592,blackpoolgazette.co.uk
69603,verizonenterprise.com
69663,thelifeerotic.com
69728,meltystyle.fr
69794,drako.ru
69829,jackingame.com
69856,tracepartsonline.net
69971,itstactical.com
69974,xmediaserve.com
69998,momondo.co.uk
70043,edu19.com
70100,moviestarplanet.pl
70101,cowboy2u.com
70125,kinomassa.net
70154,meltyfashion.fr
70194,yelotv.be
70209,cpbltv.com
70226,shareplace.com
70349,sogayboy.com
70354,shemale.com
70364,sexier.com
70396,webinar.tw
70443,neckermann.pl
70517,rabotavgorode.ru
70533,flysas.net
70603,bookofsex.com
70672,yobsn.com
70674,procinema.ro
70824,giaothongvantai.com.vn
70839,homepornbay.com
70859,alfastrah.ru
70867,hypster.com
70919,filmweb.no
70973,fatstube.com
71028,mynews4.com
71077,gvovideo.com
71126,hyundaihmall.com
71131,xiaot.com
71167,quant-club.com
71210,mrc.org
71222,komixxy.pl
71240,scienceblogs.de
71246,arnet.com.ar
71312,tokeing.com
71319,atualcard.com.br
71355,espni.go.com
71416,phooto.com.br
71426,femdomworld.com
71435,rcg.org
71459,al3abtab5.com
71479,moviestarplanet.dk
71585,videacesky.cz
71593,crackerbarrel.com
71598,unlimitzone.com
71608,twinkteenboys.com
71615,inspired-ui.com
71617,webmaster.tc
71618,kora.me
71706,xsplasher.com
71719,pigment-adv.co.il
71780,jacamo.co.uk
71797,alibuybuy.com
71803,camsympa.com
71833,be-at.tv
71844,magazyn-kuchnia.pl
71865,linkprice.com
71931,myvirtualpaper.com
71949,kmpmedia.net
71960,maestroconference.com
71985,senenews.com
71998,codeigniter.org.cn
72004,fitseven.ru
72025,hillsong.com
72052,truba.com
72059,pornomovies.com
72068,planetwin365all.com
72088,thosefreegames.com
72120,ethanallen.com
72186,lifebooker.com
72240,novinite.com
72243,247mahjong.com
72276,mcupdate.tumblr.com
72295,scottkelby.com
72296,spartoo.co.uk
72314,thenorthernecho.co.uk
72317,serialnet.pl
72335,texags.com
72358,one.de
72510,17pr.com
72512,raidcall.com.tw
72526,onego.ru
72550,bounzd.com
72576,printdirect.ru
72707,299.com.cn
72741,duiduila.com
72761,mika123.com
72909,mp3crazy.ru
72936,extasycams.com
72945,panvel.com
73023,spartoo.cz
73067,amexnetwork.com
73145,beautyexchange.com.hk
73185,kinohome.net
73206,ocj.com.cn
73211,doseng.org
73284,istoedinheiro.com.br
73339,mega-zebra.com
73371,1079ishot.com
73423,powernationtv.com
73440,cloudgames.com
73469,privatbankar.hu
73529,naturalhealth365.com
73570,nornar.com
73597,masoportunidades.com.ar
73660,wtffunfact.com
73760,gustos.ro
73853,lake.jp
73870,kisses.ru
73875,traxsource.com
73891,jwfiles.net
73902,unimed.coop.br
73944,porschedealer.com
73955,arenajunkies.com
74176,youporn-deutsch.com
74179,adam4adamlive.com
74184,project-free-upload.com
74263,exist.by
74292,radioactive.sg
74300,playtech.ro
74385,sevenfiguremastermindteam.com
74394,virtualglobetrotting.com
74419,qqj.cn
74450,wendu.cn
74454,8cyber.com
74465,theclassyissue.com
74577,allgravure.com
74594,londongrumblr.co.uk
74607,fs-exclue.com
74643,rtrk.com.br
74654,60plusmilfs.com
74681,livephish.com
74688,dolc.de
74724,chocam.com
74728,bigfortune.ru
74745,spain-holiday.com
74748,ishared.eu
74844,topgearblog.tumblr.com
74846,surisburnbook.tumblr.com
74866,agentmarketing.com
74887,hdturk.org
74888,newz.dk
74894,chanyouji.com
74926,rawtube.com
74963,netlingo.com
74976,gettingthingsdone.com
75106,lancashiretelegraph.co.uk
75160,rtrk.jp
75188,laterceratv.cl
75236,suckhoedoisong.vn
75247,yowindow.com
75250,wiseup.com
75291,msncricket.com
75304,murclub.ru
75361,sscnapoli.it
75371,enlaradio.com.ar
75372,invertironline.com
75518,futirinhas.com
75521,telia.com
75523,einsames-vergnuegen.at
75606,pokerschoolonline.com
75723,videowhisper.com
75730,memorado.de
75756,ebdr3.com
75807,media4.onsugar.com
75861,mavshack.com
75898,datingbuddies.com
75937,livebx.com
75978,naturesbasket.co.in
75985,porngames.com
76028,countingdownto.com
76058,georgetakei.tumblr.com
76067,avocadostore.de
76089,fusionhq.com
76126,backin.net
76164,foxrate.de
76168,clickplay.to
76188,bubbl.us
76195,vitaportal.ru
76212,myradio.ua
76240,share.az
76310,mobileroadie.com
76343,chinalawblog.com
76371,tuchong.com
76385,17qibu.cn
76394,makewebvideo.com
76407,gdtv.cn
76508,amovens.com
76517,ibtracking.com
76543,flashtrackz.com
76595,abcmoteur.fr
76611,yourfiles.to
76619,muzu.tv
76673,show-live.net
76689,zs8q.com
76697,vegasworld.com
76720,happensinadops.com
76723,dosya.co
76750,futubandera.cl
76758,vanjas-world.com
76816,qimila.net
76891,livecamclips.com
76906,gtuu.com
76928,kino-zeit.de
76971,network.hu
77013,promocionesweb.com
77102,1919gogo.com
77112,kolorado.ru
77158,ignicaodigital.com.br
77217,didyouknowgaming.com
77385,pella.com
77409,markettrendsignal.com
77426,instantchess.com
77430,boxelet.com
77452,index.de
77515,jobdiva.com
77542,printdatasource.com
77610,gifak-net.tumblr.com
77615,epimg.net
77629,brendonburchard.tumblr.com
77715,groundswell-mvmt.org
77722,d4swing.com
77740,moonbbs.com
77766,xxxsexxx.tumblr.com
77785,zyrb.com.cn
77851,vidpk.com
77862,jerusalem.com
77866,eteachergroup.com
77964,manzoku.or.jp
78053,naruto-base.ru
78107,kras.nl
78108,chamberlain.edu
78116,trafmag.com
78157,dcshoes.com
78166,bootyliciousmag.com
78167,grtjewels.com
78188,goclever.com
78202,first-impressions.nl
78217,e-stat.go.jp
78226,bydgoski.pl
78250,21sextreme.com
78267,forum-fuer-senioren.de
78272,odpadnes.sk
78342,jungroup.com
78350,grizzly.com
78372,instaproofs.com
78453,uncw.edu
78642,webshare.cz
78674,formulamlm.ru
78701,grudado.com.br
78753,100dorog.ru
78781,cosmoty.de
78782,designskins.com
78797,miamidiario.com
78799,mylder.no
78811,jjang0u.com
78822,peskomment.ru
78851,seethisinaction.com
78877,lekmer.no
78884,gomsee.com
78889,dashixian.com
78895,la-forum.org
78947,annoyingorange.com
78986,vmusic.ir
79075,aztrf.com
79137,pagenisis.com
79157,prxs.ru
79187,piekielni.pl
79202,promotionexpert.com
79225,pocketnavigation.de
79238,norma-online.de
79306,cner.com
79332,tv7.bg
79376,smsjv.com
79391,clickcash.com
79444,fenxihui.com
79495,games-tv.ru
79567,girlsgogames.co.uk
79585,yourupload.com
79600,lonelyaffair.com
79616,yorkpress.co.uk
79732,curvefever.com
79734,pinkcorpse.org
79742,meteo.by
79756,booltube.com
79762,mefun.com
79836,starbucks.com.cn
79862,taba.ru
79867,prestige-gaming.ru
79923,kukuplay.com
79950,perfecte.md
79952,arbandroid.com
79975,aec-internet.it
79983,defesanet.com.br
79996,thestar.co.uk
79997,superfuture.com
80015,pcportal.org.ru
80068,archive-host.com
80093,elembarazo.net
80117,heyzap.com
80158,ispeech.org
80178,incontriadult.com
80192,99jee.com
80200,saysoforgood.com
80253,99fund.com
80294,ad20.net
80325,oficinabrasil.com.br
80336,whatsup.gr
80343,styledump.co.kr
80383,bugfreegames.com
80408,media1.onsugar.com
80476,bike-components.de
80621,pix.ie
80622,media2.onsugar.com
80628,ruxvideos.ru
80712,vejoaovivo.com.br
80895,elmir.ua
80908,sternfannetwork.com
80932,somafm.com
80969,strikermanager.com
81028,herkul.org
81063,duelinganalogs.com
81102,campus-party.org
81121,8coupons.com
81128,ezoneonline.in
81181,investalks.com
81184,gaticonnect.com
81219,clubtone.net
81222,thefw.com
81286,kontestapp.com
81316,hastane.com.tr
81405,udmserve.com
81443,comon.cn
81497,girlsnews.tv
81549,d7vg.com
81555,ttgitalia.com
81721,hitslink.com
81775,oooohyes.com
81813,tagul.com
81814,ilovemarketing.com
81902,ubore.com
81909,xingcloud.com
81936,moviesand.com
81964,c-inform.info
81989,lilsugar.com
82029,boyernews.com
82049,maiyadi.com
82121,propertyportalwatch.com
82129,myttk.ru
82140,21members.com
82160,shakhtar.com
82183,payhip.com
82204,hotgloo.com
82294,theboot.com
82328,praktikerwebshop.hu
82355,skylink.ru
82367,videochat.ru
82373,realbird.com
82434,astuceclub.com
82441,nraila.org
82482,ethiopian.tv
82489,momondo.fi
82647,gamesgrow.com
82679,socialdaily.com
82908,trailerseite.de
82921,travesta.de
82955,amigosardientes.com
82998,momadvice.com
83026,doubleviking.com
83043,ammoland.com
83075,baq.kz
83102,hauteliving.com
83116,bdsklep.pl
83119,walottery.com
83126,aniweather.com
83175,juntais.com
83223,12news.ru
83293,klatsch-tratsch.de
83316,videosk.in
83350,yahoo.tumblr.com
83424,pelikan.cz
83435,starghosts.com
83463,sluzby.cz
83469,fidelity-media.com
83518,virtonomica.ru
83534,weltfussball.at
83578,letsfilm.org
83603,godork.com
83642,earwolf.com
83654,didyouknowblog.com
83768,mascus.com
83819,terriblerealestateagentphotos.com
83865,arcadeparlor.com
83882,puzat.ru
83883,ko.wix.com
83890,peliculashdlatino.com
83927,autocentre.ua
83963,solosmarts.com
83987,krlai.com
83990,tmbox.net
84013,oxfordmail.co.uk
84017,rtvutrecht.nl
84030,goldfishkacasino.com
84052,girlsgogames.com.br
84060,perlentaucher.de
84110,czterykaty.pl
84114,eksmo.ru
84120,queantube.com
84122,chitanka.info
84135,media3.onsugar.com
84191,brobry.com
84232,abc0120.net
84249,aijia28.com
84271,video-girl.tv
84284,school-trading.com
84397,midplay.com
84464,kro.nl
84493,sexmatchbook.com
84503,online-audio-converter.com
84568,gaminglives.com
84615,shcp.gob.mx
84803,1md.be
84814,weartv.com
84830,volcano-slots-club.com
84849,85cc.net
84876,vjia.com
84890,neto.net.il
84932,91jin.com
84937,v8supercar.com.au
84938,bigc.co.th
84944,cq521.com.cn
84978,makersrow.com
85067,clcohio.org
85095,hitask.com
85123,enter.az
85174,tfc.tv
85180,pennergame.de
85199,squishycash.com
85233,yananuniversity.com
85241,yoxhub.com
85260,newsbeatsocial.com
85294,oyunkuzusu.com
85339,desmadremexicano.com
85347,sekretsvobody.ru
85355,hwcdn.net
85363,juventus.ru
85371,sunderlandecho.com
85497,youmi.cn
85519,worldvitalrecords.com
85618,newsblog.com
85683,chilebt.com
85714,uaegoal.com
85720,youngjump.jp
85753,decoradornet.com.br
85844,scoreland2.com
85901,metroshoes.net
85925,onlinezakladki.ru
85954,afghanplay.com
86010,destockplus.com
86025,a433.com
86039,guildwars2guru.com
86090,mundia.com
86091,xsport.ua
86202,izlevideo.net
86383,puta.ws
86444,fontstruct.com
86447,scrubsmag.com
86458,oversodoinverso.com
86466,ad6media.com
86492,imgo.tv
86542,floow.tv
86652,franceloc.fr
86661,keyetv.com
86669,adanchronicles.com
86743,privatamateure.com
86769,partners.org
86794,honda-indonesia.com
86801,animalmatingsexvideos.net
86891,cafepress.ca
86900,oyunu.net
86944,13wham.com
86964,magnolia-tv.com
86988,hugendubel.de
87002,moviestarplanet.co.uk
87022,annonce123.com
87083,nakedpizzadelivery.com
87087,twinkvideos.com
87096,uphut.net
87100,novosti.az
87176,dietblog.com
87200,bodycandy.com
87203,adsplats.com
87225,dol.cn
87284,bigass.ws
87295,glamout.com.mx
87302,softwareprojects.com
87304,dlr.de
87391,shopfa.com
87394,tyroo.com
87421,bakala.org
87426,inews.bg
87440,emmezeta.hr
87611,dremeleurope.com
87622,pokupon.ua
87704,coldcallmemaybe.tumblr.com
87716,clvw.net
87770,untrue.com
87842,dump.com
87854,joonbug.com
88000,scienzaesalute.blogosfere.it
88060,68hz.com
88067,pinoyparazzi.com
88172,lovegallery.jp
88177,vichatter.com
88194,streamlivesex.com
88249,film-adult.com
88270,e-activist.com
88318,rexef.com
88371,buycartv.com
88421,okusno.je
88564,bianews.com
88591,securitetotale.com
88619,beauty-angels.com
88655,offerme2.com
88697,agorer.com
88754,jdwilliams.co.uk
88757,fuckinghomepage.com
88783,nightbazaars.com
88822,lacerca.com
88864,hardfest.com
88891,viralblog.com
88918,pointstreaksites.com
89044,thehairstyler.com
89109,mobilebulgaria.com
89146,fy-exo.com
89152,tokyu-hands.co.jp
89190,naruto-hokage.ru
89200,nra.org
89205,iceo.com.cn
89285,nura.biz
89384,gamedesire.com
89400,gameseverytime.com
89403,manga-news.com
89414,java-samples.com
89512,adultcentro.com
89617,nnz.cn
89651,phim3s.vn
89685,dopefile.com
89714,tubedupe.com
89756,youtubedoubler.com
89853,extralunchmoney.com
89854,hark.com
89893,theztyle.com
89904,ebdr2.com
89937,rossiresidencial.com.br
90037,submityourdude.com
90038,laredoute.se
90048,autopro.com.vn
90059,rpod.ru
90077,normanfaitdesvideos.com
90103,jpabc.net
90108,boyfriend.dk
90133,wahas.com
90160,seetv.tv
90172,okazik.pl
90247,abcmedianet.com
90276,tatar-inform.ru
90278,adquan.com
90333,phim2online.com
90341,ox.pl
90351,flashtalking.net
90422,duvalschools.org
90428,nomellamesfriki.com
90442,digitaldoughnut.com
90452,beginnertriathlete.com
90518,hostave4.net
90531,nrksuper.no
90575,botextra.com
90817,clasificadoseluniversal.com
90830,pontebuso.com
90839,caster.fm
90920,badteencam.com
90968,limon.biz
90971,iblogmagazine.com
90974,film4eg.com
91012,palmbeachschools.org
91035,spartoo.pl
91036,dominos.co.kr
91042,comicbookrealm.com
91071,tivix.net
91082,xtramath.org
91145,superlenny.com
91211,egedesonsoz.com
91314,rapsinews.ru
91329,noobroom5.com
91348,fei-yun.com
91418,publ.com
91617,gosupermodel.com
91660,uutxt.com
91736,fabrikar.com
91737,palmapp.net
91748,prophotos.ru
91823,imagendelgolfo.com.mx
91904,realitytvgifs.tumblr.com
91981,mercuriurval.com
91986,archambault.ca
91997,alagoas24horas.com.br
92054,269g.jp
92061,groupon.com.ua
92103,watchdisneychannel.go.com
92121,amren.com
92272,rockantenne.de
92376,tankaner.com
92377,asiasociety.org
92380,sonicdownloads.net
92414,geeksofdoom.com
92468,gifsforum.com
92472,baodautu.vn
92514,mupvl.us
92529,innity.com
92549,gazo.com
92736,jizzbell.com
92794,hotelscombined.ae
92858,montgomeryschoolsmd.org
92908,dezrez.com
93015,cabinporn.com
93046,greatdeals.com.sg
93070,estilodf.tv
93074,meteox.de
93122,luxor.com
93149,ihiphopmusic.com
93150,ard-text.de
93152,xaxtube.com
93179,vink.co.kr
93194,straightwhiteboystexting.tumblr.com
93277,revistafusion.com
93361,artistworks.com
93398,local12.com
93412,juegaenlinea.com
93420,hdscg.com
93486,intnet.mu
93499,scoopempire.com
93511,voxxi.com
93531,geeksugar.com
93597,phim22.com
93637,photobiz.com
93706,wohnen-im-alter.de
93710,filedir.com
93825,marketmenot.com
93928,tahua.net
93942,mku.ac.ke
93947,dedbit.com
93975,strana.ru
93983,amateurmatch.com
94054,jalf.com
94105,sinoptik.com.ru
94127,gsniper2.com
94357,wuzzon.nl
94377,r114.com
94407,soe-parrot.com
94460,c1yanganeh.tumblr.com
94476,lekmer.se
94483,onlyfilmz.ws
94504,nordnet.fr
94668,powertochange.com
94730,sadeczanin.info
94784,empressr.com
94835,21naturals.com
94919,freevideobase.com
94949,cheatinghookup.com
94977,thetelegraphandargus.co.uk
95020,flaixfm.cat
95021,zooclub.ru
95032,yalla-drama.com
95064,drivehq.com
95248,fetvameclisi.com
95255,videobuster.de
95286,letsplaysnes.com
95383,ipanda.com
95499,lexulous.com
95512,flycell.co
95530,ezadar.hr
95548,hotelscombined.jp
95713,tunisvista.com
95841,lustagenten.com
95863,imagebucks.biz
95898,newsway.co.kr
95947,boutique1.com
95980,7obcafe.com
96095,ikamart.com
96157,golfballed.com
96221,itnews.sk
96225,tusciaweb.eu
96257,vipreantivirus.com
96340,file4safe.com
96378,mpora.de
96425,barakacity.org
96504,socialleadwizard.net
96524,prolineracing.com
96534,agilecontents.com
96554,projekktor.com
96569,iabe.cn
96584,ketnooi.com
96597,dometic.com
96602,wow4u.com
96628,likeyou.it
96640,pornoamatoriale.com
96688,okoutdoor.com
96713,wifeysworld.com
96726,hengan.com
96728,findcheaters.com
96775,gobdsm.com
96802,kellykeylogo.tumblr.com
96933,johncbeck.tumblr.com
96963,b-track.ru
96970,sysoon.com
97125,mhlearnsmart.com
97144,filesuploader.com
97163,reikaozono.wix.com
97228,myresipi.com
97318,club-sale.ru
97329,elektra.com.mx
97354,girls-in-porno.com
97363,dotsub.com
97397,honestslogans.com
97434,homexvideo.com
97459,bdsm.com
97472,wwmt.com
97507,3dtank.com
97522,motivateus.com
97525,rockandpop.cl
97657,megafiles.se
97674,sports365.in
97692,acgzone.us
97702,oshershalom.com
97723,doramakun.ru
97742,telediariodigital.net
97760,mmarocks.pl
97764,inkagames.com
97857,queenshare.com
97876,mazikagames.com
97881,morningstar.it
97890,canbannhanh.com
97946,xpn.org
97963,s13.ru
97999,muchshare.net
98031,1tv.com.ua
98094,cloudim.ru
98099,asiafriendfinder.com
98105,nra.lv
98106,zerotackle.com
98125,social-kaspersky.com
98178,1iota.com
98255,aigou.com
98259,xn--80aacbuczbw9a6a.xn--p1ai
98279,hotelsline.gr
98308,gamebar.com
98365,detectahotel.com.ar
98395,newyorkfed.org
98612,privatedeitti.net
98630,thecubiclechick.com
98681,fraia.ru
98682,elmoudjahid.com
98770,mdjonline.com
98778,dungdong.com
98825,poszkole.pl
98843,dddn.com.vn
98855,seocopywriting.com
98911,zubunet.com
98920,propertyofzack.com
98938,gaypornium.com
98944,avenc.ru
99019,betrally.com
99274,cubuffs.com
99283,vip2ch.com
99327,renault.com.ar
99336,al3abm.com
99368,verzend.be
99387,duralenta.ru
99433,tapeciarnia.pl
99561,smscountry.com
99566,digit.ru
99569,n-torrents.ru
99607,israel-vs-palestine.com
99633,levelupgames.ph
99661,lovetime.com
99734,nj1015.com
99739,srulad.com
99764,tongal.com
99816,off2shop.com
99824,o2o.it
99986,swrmediathek.de
100010,schmetterling-argus.de
100043,ipctv.jp
100066,thisisgwent.co.uk
100068,faststore.org
100070,mma.gov.br
100099,seemedia.pro
100192,automanas.lt
100194,turboclub.tw
100251,customlol.com
100256,finest.se
100303,smotrim-serial.com
100311,2all.co.il
100379,pandorabots.com
100381,renaud-bray.com
100391,capcom-unity.com
100422,lystit.com
100425,dkjexpress.com
100495,vegasinc.com
100514,maker-apps.ru
100539,freecodesource.com
100623,taourl.com
100672,mytv.kz
100760,kkkino.ru
100767,jukebox.fr
100768,oregonstateparks.org
100899,jumbomail.co.il
100949,uploadsat.com
101076,cds.spb.ru
101087,online-freebee.ru
101141,acorn.tv
101216,advertom.com
101226,liveblog.com
101267,mtdata.ru
101287,ivest.kz
101296,ebsi.co.kr
101334,duas.org
101371,schiffe-und-kreuzfahrten.de
101374,lotto.be
101395,ragazine.com.hk
101583,debarbati.ro
101601,putthison.com
101653,i-weather.com
101693,ilovemama.com
101751,sexvideobaza.com
101801,johnmaxwellgroup.com
101807,vidaprimo.com
101815,olay53.com
101886,nebogame.com
101949,coobiz.it
102092,risalehaber.com
102152,pokerstarter.org
102189,myfuckingporn.com
102190,rcshow.tv
102258,doctv.gr
102278,uploadfiles.eu
102350,online-red.com
102363,restfile.ca
102385,html5cn.org
102388,behairy.com
102391,seminoles.com
102431,czechstreets.com
102440,hometown.in
102449,abcsalles.com
102468,emohotties.com
102490,mahjonggames.com
102509,lingo.vn
102517,pullbbang.com
102524,animal.ru
102552,bigcmobiles.in
102561,36on.ru
102574,buildinglink.com
102588,timeclockfree.com
102643,brasilbrokers.com.br
102650,mobili.lt
102719,watchmynewgf.com
102722,forum-maximus.net
102736,lfn.lk
102755,lolgifs.net
102792,gloss.ua
102813,wiggio.com
102855,pulsplus.ru
102902,surfgayvideo.com
102938,theinspirationroom.com
102946,mygaycash.com
102954,onapp.com
102988,roomguru.ru
103023,saludcontinental.mx
103025,inprofunzime.md
103062,chuanke.com
103097,mydeal.pl
103160,filthyrx.com
103175,wlos.com
103185,local21news.com
103199,sans-online.nl
103210,manager-football.org
103214,oceanpark.com.hk
103244,teledoce.com
103266,region15.ru
103270,fashos.com
103311,adcommand-xml.com
103436,imgism.com
103438,fortegames.com
103469,pixers.pl
103480,avanti24.pl
103489,fabrikagu.ru
103514,sravni.org
103614,jl8comic.tumblr.com
103632,iwommaster.com
103662,4adventure.com
103721,playr.org
103724,opitec.com
103740,wgbh.org
103767,turkiyef1.com
103780,guyspeed.com
103784,mtve.com
103795,gfmate.com
103828,cinepolis.com.co
103890,weihepan.com
103935,qianghongbao.net
103946,tablette-tactile.net
103983,img.com.ua
104073,jpgmag.com
104080,golestan.com
104110,trochoiviet.com
104142,sexchat.hu
104180,vxas.ru
104203,ero-mania.net
104261,sperkovnica.eu
104282,b44.com
104295,superfamous.com
104299,cphoto.net
104311,udf.by
104376,clickintext.com
104430,corsair.fr
104433,porn-station.tv
104482,zserials.tv
104496,siteua.org
104518,2porn.tv
104531,adkengage.com
104609,genvideos.com
104638,webdesign-freebies.tumblr.com
104652,incredibleart.org
104682,newsit.com.cy
104708,deadfrontier.com
104740,lingerie.com.br
104756,cezzy.pl
104775,1funny.com
104861,agrofoto.pl
104862,awin1.com
104914,comparecards.com
104928,soonersports.com
104930,rismedia.com
104949,bonuswinner.com.tw
105006,petergreenberg.com
105173,fish-wrangler.com
105252,echo-news.co.uk
105428,cloudbbs.org
105562,belladasemana.com.br
105575,familywatchdog.us
105601,xignite.com
105652,beead.net
105658,rarefile.net
105665,terrariaonline.com
105698,potload.com
105759,unn.edu.ng
105763,vzale.tv
105800,tunivisions.net
105824,darkfetishnet.com
105881,watfordobserver.co.uk
105910,scholieren.com
105922,nuevaya.com.ni
105933,letoile.ru
105983,fuckedhard18.net
105985,sharethatboy.com
106048,hotelscombined.fr
106059,raf.mod.uk
106061,catdu.com
106100,kipling.com
106252,cins.cn
106268,calcularfrete.com.br
106278,226532.com
106284,cinenews.be
106380,mestreafiliados.com
106440,ojogos.pt
106461,show.az
106555,1019therock.com
106684,lustich.de
106714,rugby1823.blogosfere.it
106814,digi.hu
106831,chope-une-cougar.com
106942,videoprobki.ua
106975,soundation.com
107029,ladypopular.ro
107051,golomi.com
107094,informationsarchiv.net
107119,tanteonline.com
107157,linxspiration.com
107182,jukebox.es
107194,phimtructuyenhd.com
107220,textastrophe.com
107264,inpost.pl
107270,docme.ru
107297,misshybrid.com
107331,webinsider.com.br
107490,pornsofa.com
107501,anaconda.com.au
107553,angrybirdsgames.com
107617,cougars-avenue.co
107708,hacg.me
107798,mindray.com
107824,wellgames.com
107874,sxncb.com
108018,play.fm
108116,bewusst.tv
108143,nuvango.com
108163,sportly.tv
108216,korediziizle.com
108219,sinfulbuddies.com
108226,pornprosnetwork.com
108243,wetu.com
108248,tusur.ru
108286,valegames.com
108326,fsishare.com
108390,europe-nikon.com
108407,news92fm.com
108474,mynews3.com
108542,rockntech.com.br
108548,syria-drama.net
108614,www.re
108656,mport.ua
108803,goducks.com
108825,goape.co.uk
108839,chance.cz
108843,mananhnho.net
108869,vivthomas.com
108900,hannover96.de
108913,iccwbo.org
108971,themaxdavis.com
109001,speedtest.net.in
109017,trucoswindows.net
109043,fevernet.com
109053,picexposed.com
109070,playhd.eu
109101,mymms.com
109112,kalifoo.fr
109138,signwarehouse.com
109139,xom03.com
109157,showfxworld.com
109163,cameroid.com
109203,girlsgogames.de
109223,torahcafe.com
109226,vshare.eu
109255,travelbird.pt
109256,wooga.com
109259,telemadrid.es
109267,perfect-english-grammar.com
109291,sportsfan.com.au
109300,newsshopper.co.uk
109305,cha.lt
109354,ezoterikus.hu
109386,neon.hu
109412,freeupload.ir
109415,letmedothis.com
109445,nowbackoffice.com
109474,panasonic.eu
109512,nice3c.com
109583,swing-zone.com
109615,cheatersfantasy.com
109652,cakgames.com
109670,zoomap.co.il
109718,comon.ru
109784,sklep-presto.pl
109807,casualarena.com
109826,timefreedombusiness.com
109881,kinomafia.tv
109991,x-flirt.co
110116,virtualspirits.com
110121,relaxbbs.com
110144,muschealth.com
110180,sempo.org
110225,etb.com.co
110319,petitpetitgamin.com
110440,feedzilla.com
110450,suratuntukpakbowo.tumblr.com
110534,hostave3.net
110597,watchdisneyjunior.go.com
110623,tt5.com
110628,abcnewsradioonline.com
110673,kroogi.com
110715,musicmazaa.com
110752,rubytuesday.com
110924,freefilesz.com
110925,toocamp.com
110949,mysyntek.com
110969,ongame.vn
110979,israelmekaniko.tumblr.com
110994,pgoamedia.com
111019,bestfm.com.tr
111031,cs0799.com
111065,sd-company.su
111069,appdisqus.com
111080,animage.tumblr.com
111151,tokyo-tube-ad.com
111158,800best.com
111226,360adshost.com
111228,freemeteo.com
111253,libertic.com
111283,sonline.hu
111295,studentblog.com
111442,photopeach.com
111456,wfmu.org
111466,lux.fm
111508,online-video-cutter.com
111644,readnotify.com
111656,hostingfailov.com
111732,the1st.be
111752,imenik.hr
111767,kissfm.ro
111798,pornokaif.net
111817,fuckcuck.com
111819,bravewords.com
111893,xkb.com.au
111894,mmaaxx.com
111898,hardwarebg.com
111913,entre-infideles.com
111917,solidarium.net
112005,phonehouse.nl
112008,feedingamerica.org
112052,adlabsretail.ru
112061,mpiweb.org
112069,victoriamilan.nl
112120,sharevid.org
112148,chinakaoyan.com
112151,laundrybreak.com
112192,clubs1.bg
112234,mydesign.com
112237,supadu.com
112256,smart-scripts.com
112276,dogfartmegapass.com
112306,meltyfood.fr
112330,unfinishedman.com
112372,filebulk.com
112388,elempleo.co.cr
112415,velikolepnyivek.com
112434,xyhc.com
112460,quiksilver.fr
112501,videogameblog.com
112540,alexfilm.cc
112550,tyndale.com
112568,vidbux.to
112570,time100.ru
112598,6665.com
112629,babesfarm.com
112639,dogsnaturallymagazine.com
112665,meltyxtrem.fr
112681,vulcan7connect.com
112688,neulion.com
112700,puatd.com
112923,kingnet.com
112941,ei.go.kr
112989,jiatc.com
112990,marshill.com
112999,ivaa.org
113024,ssega.com
113050,datacomp.sk
113123,val.az
113158,jinroukong.com
113229,townsquaremedia.com
113241,picturetrail.com
113257,sd001.com
113352,photosynth.net
113361,cinematreasures.org
113376,atgibitube.com
113457,bright.nl
113506,hicustom.net
113529,plinga.com
113717,pornofruit.com
113771,mmasucka.com
113790,phpmotion.com
113810,peugeot.com.br
113858,melbourneairport.com.au
113888,86uk.com
113890,rznews.cn
113908,masprospectos.com
113980,dateblog.com
113987,gmelvi.ru
114102,idrd.gov.co
114114,babynames.org.uk
114147,monclotube.net
114217,biggytv.com
114309,afunnygames.com
114313,midas.com
114356,kinofani.ru
114381,torrent-pirat.com
114442,sexgm.net
114457,spartoo.nl
114480,casaa.org
114530,sxrtv.com
114673,boy18tube.com
114675,bjxxw.cn
114705,ktk.kz
114710,tanuki.ru
114732,bdsmvideos.net
114744,bubbleandchic.co.kr
114756,thehome.com.au
114809,lifeblog.com
114826,yousee.tv
114857,aussierul.es
114961,ibongda.vn
114967,staff.tumblr.com
115025,screenweek.it
115087,oneplusbbs.com
115127,bnat-cute.com
115134,kentei.cc
115145,webcamclub.com
115188,fileshd.net
115225,voyagesarabais.com
115235,uz24.uz
115241,myhappygames.com
115258,ozstock.com.au
115259,gazetaolsztynska.pl
115305,bama.hu
115314,5isotoi5.org
115316,petblog.com
115337,bill36524.com
115393,flatbellyforever.com
115477,wizard-traffstock.com
115505,coast2coastmixtapes.com
115521,vidstation.net
115562,gamesbannernet.com
115588,vninform.ru
115645,iwanked.com
115704,kokero.com
115712,jotex.se
115773,fileparade.net
115797,tvfru.ru
115807,observador.com.uy
115841,rtrk.sg
115853,kompravda.eu
115865,teleperformance.com
115942,sexoncube.com
115946,epaperflip.com
116057,dvorkoles.kz
116059,rookieapp.com
116124,fjhanyuan.com
116186,eyedealab.com
116191,paddle8.com
116285,slimtimer.com
116375,junkyvideo.com
116421,thecuckoldporn.com
116488,matchedge.com
116567,wizard-banners.com
116727,plirt.ru
116766,codewalkers.com
116773,goisu.net
116807,youropia.gr
116891,fernsehkritik.tv
116906,toribash.com
116967,goroskop.ru
116991,favdownloads.com
116996,wqam.com
117049,astrolords.ru
117103,freshershome.com
117127,loveblog.com
117152,intersinema.com
117160,gayboydelight.com
117184,palestinder.tumblr.com
117225,cougars-avenue.com
117244,getrefe.tumblr.com
117298,lao-dd.com
117305,gamestraffic.com
117354,ultrafile.me
117362,qbaobei.com
117396,maniacpass.com
117419,megafileupload.com
117482,mekamek.com
117567,makito.es
117568,nicoleonthenet.com
117617,11x11.ru
117641,myanmar.cm
117653,wisibility.com
117706,ochepyatki.ru
117722,scworks.org
117758,mrfile.me
117785,ijh.cc
117786,1000lifehacks.com
117827,buxsa.com
117867,lustygrandmas.com
117968,greedreports.com
117972,pljusak.com
117978,traf-zona.ru
118035,klonadmin.com
118190,humariweb.com
118194,capinaremos.com
118243,ocdn.eu
118244,comics-portal.com
118309,dsireusa.org
118323,shantibit.com
118326,longwood.edu
118349,champstudy.com
118354,isitetv.com
118366,prizeball.eu
118368,procyclinglive.com
118443,pixdaus.com
118609,placelocal.com
118708,playdora.com
118760,gardenoflife.com
118869,turbovid.net
118917,annefrank.org
118961,dkmsoftware.com
118969,testosteronablog.tumblr.com
119051,gegli.com
119053,hqbdsm.com
119068,trsretire.com
119078,timtales.com
119102,durangoherald.com
119114,sat-sharing.us
119130,revistatrip.uol.com.br
119143,momondo.no
119172,betcosmos.com
119210,listenradio.jp
119256,saintleo.edu
119350,bliner-planet.info
119480,podolsk.ru
119488,netronline.com
119510,store-mix.com
119523,littlebigdetails.com
119539,oncurtv.com
119563,marrietta.ru
119723,bjpure.com
119802,happy-viernes.com
119805,lorealparis.co.uk
119880,worldphoto.org
119889,tekstovi-pesama.com
119983,go-fuck-tube.com
120070,hdkinoklub.ru
120111,weatherandtime.net
120142,girlsgogames.pl
120178,nquran.com
120210,nangdek.com
120229,lifeofowly.tumblr.com
120245,8btc.com
120315,cafepress.com.au
120329,mcdonalds.pl
120336,sonicstate.com
120353,netlore.ru
120366,madamefigaro.jp
120367,manporn.xxx
120428,365planet365.com
120492,huskers.com
120513,savelinks.net
120518,dorsetecho.co.uk
120538,susawebtools.ir
120553,dioguitar23.net
120558,moviestarplanet.nl
120561,adland.co.il
120663,diarioshow.com
120665,los40.com.co
120678,tuamo.net
120693,toddfalcone.com
120712,mipagina.cl
120718,0n-line.tv
120757,nhis.or.kr
120804,beyoncevoters.tumblr.com
120826,webtrafficcollege.com
120827,warringtonguardian.co.uk
120881,textsfromsuperheroes.com
120918,zetkino.net
120958,epiotrkow.pl
121108,3d-wm.com
121155,ip-api.com
121276,gboxes.com
121277,teledidar.com
121321,plan-secret.com
121415,vizu.com
121485,enacademic.com
121547,alypaa.com
121550,jcrew.tumblr.com
121648,engygames.com
121713,9g.com
121747,oberlin.edu
121806,gomariogames.com
121826,gthegent.com
121850,cheil.com
121934,cinelatinohd.com
121959,leads24.ru
121981,meltycampus.fr
122107,shemaletubesite.com
122169,simplyscripts.com
122183,igames.com.ua
122192,talentostvglobo.com.br
122194,capital.com.tr
122207,camarades.com
122227,thisweekinstartups.com
122228,sciencestage.com
122356,ipic.su
122360,utbbs.net
122369,cudo.com.au
122431,fnac.be
122708,sovereignsociety.com
122738,superseries.kr
122844,kbs6.com
122978,fortovbii.wix.com
123032,phim1k.net
123040,carlosgallego.com
123058,managementboek.nl
123132,spelpunt.nl
123185,visitvineyards.com
123188,youmustwhipit.tumblr.com
123221,styleblog.com
123226,sheremetev.info
123296,vzglyad.ru
123347,urmap.com
123354,jsfund.cn
123371,kums.ac.ir
123477,voyeurvideos.tv
123635,1100ad.com
123674,1000webgames.com
123736,monsterdivx.com
123737,yibada.com
123752,urgeschmack.de
123760,mixupload.org
123797,akhjoonbazi.com
123947,truegod.tv
124015,ezpay.ir
124095,it165.net
124127,fotopus.com
124183,scanurl.net
124190,noiportal.hu
124226,mobamasp.tumblr.com
124263,g6hentai.com
124308,xn----ftbgqoieackga.xn--p1ai
124312,wollmilchsau.de
124380,27rc.ru
124547,estudy.cn
124553,kinomol.ru
124566,ilogo.in
124604,menclub.hk
124644,bezsms.org
124734,aniloscash.com
124810,waywire.com
124915,mahindraxuv500.com
124960,immostreet.com
125026,uakino.net
125041,kaztube.kz
125309,yzsyth.com
125364,lastinghappiness.com
125368,mypage.ru
125391,teensexmovs.com
125401,cpsenergy.com
125402,grifthost.com
125468,hardwaremania.com
125478,yeongnam.co.kr
125548,civil.ge
125624,hdporn69.com
125683,blackpussytube.net
125688,network18online.com
125719,planetwin365.com
125779,empo.tv
125823,bioweather.net
125868,naxosmusiclibrary.com
125870,wrigley.com
125995,privatefiles.com
126102,pirateplayer.com
126204,animeonhand.com
126213,affiliatepartners.com
126232,regiohelden.de
126285,fileplaneta.com
126334,wipfiles.net
126336,agrolink.com.br
126342,adplus.co.id
126459,classcreator.com
126500,monvoyantperso.com
126504,thesovereigninvestor.com
126539,ilikeclick.com
126571,superstyle.ru
126652,flu.fr
126683,wildcraft.in
126812,oreillynet.com
126827,sfcasting.com
126889,hawaiireporter.com
127034,lifestyleoftheunemployed.com
127057,wallpapers.com
127075,unplugthetv.com
127083,computerworld.nl
127248,liveonly.com
127256,zainalhakim.web.id
127328,palermocalcio.it
127362,s-dragon.org
127388,fastupload.org
127402,clickandpledge.com
127424,thebananablog.com
127491,sonicretro.org
127499,tryteens.com
127555,natigaas7ab.com
127557,plfoto.com
127584,kx00.com
127598,moviesexvideotape.tumblr.com
127604,companyregister.sg
127665,ttsnapshot.biz
127680,fengguang.com
127694,cavzodiaco.com.br
127719,proveit2.com
127754,truyentranh8.com
127875,buenaporno.com
127938,gomez.pl
127956,alsolnet.com
127988,unlike.net
128051,tarheelblue.com
128076,mlt01.com
128103,puzzledhearts.com
128127,videosdeamateur.net
128220,czechmassage.com
128336,legeaz.net
128366,blankmediagames.com
128383,clicmais.net
128460,hitrecord.org
128647,powereasy.net
128696,vichatter.net
128697,chathelp.ru
128743,indomovie.us
128751,freehomemadetube.xxx
128788,getoutofdebt.org
128791,phim.in
128810,corbettreport.com
128852,couponalert.com
128908,izle7.com
128918,mcdonalds.com.tr
128983,airmailapp.com
129001,deacademic.com
129059,ellos.fi
129087,thedsgnblog.com
129107,gamereactor.es
129153,bnnat.net
129183,jpcenter.ru
129285,matesharing.com
129367,vfmii.com
129448,anadoluhayat.com.tr
129516,espguitars.com
129545,marisota.co.uk
129547,fleetmon.com
129624,zhaofuli.net
129638,cineralia.com
129705,portalzoo.com
129733,downflow.net
129802,mytopfreegames.com
129823,porno-mixxx.com
129835,safc.com
129837,eteacherbiblical.com
129842,assholefever.com
129879,elithecomputerguy.com
129959,vonage.ca
130043,hottelka.ru
130185,crowdflowercommunity.tumblr.com
130205,convergencereps.com
130255,feedbaxx.de
130296,rubbersole.co.uk
130310,lep.co.uk
130377,gladiators.ru
130463,evmambo.com
130498,moviestarplanet.fi
130586,getrightporn.com
130594,trannydates.com
130603,victoriamilan.be
130634,xp85.com
130647,fashion.me
130731,leoburnett.com
130788,longtweetsplitter.com
130838,eschergirls.tumblr.com
130888,musicblog.com
130931,caminspector.net
130935,freegeoip.net
130987,daddario.com
131014,animaissensacionais.com.br
131023,amiru-ug.tumblr.com
131089,unadonna.it
131206,theclassicporn.com
131240,entelpcs.cl
131272,animationsa.org
131287,mmm.dk
131289,am980.ca
131303,solarsystemscope.com
131312,nahnews.com.ua
131355,woby.com.tw
131394,travelsignposts.com
131422,fuckyouverymuch.dk
131486,zuiyouxi.com
131501,jcyberinux.com
131548,solarissport.com
131554,pas-rahav.com
131555,l2top.ru
131622,hollywoodpq.com
131727,lawebloca.net
131744,hugball.com
131749,yixia.com
131769,xylm.com.cn
131864,simfy.de
131964,toondoo.com
132022,honor-1.ru
132119,all-sex-69.com
132213,georgjensen.com
132307,eve-central.com
132336,yummypets.com
132358,b10f.jp
132373,thiraikathai.com
132472,yahoosummertrip2014.tumblr.com
132493,facewap.ru
132561,daopay.com
132577,sweetplayer.com
132671,contestburner.com
132675,pattyinglishms.hubpages.com
132703,moscvichka.ru
132720,raketka.cz
132820,rayv.com
132953,eternaldesire.com
132985,bascalie.ro
133011,1000notes.com
133017,eteacherhebrew.com
133055,cnlwn.com
133095,erovizor.ru
133182,wtov9.com
133210,binarybeast.com
133236,pornia.de
133242,coomeet.com
133378,convert-video-online.com
133416,abcphp.com
133417,oh-totoro.com
133423,thank-you-notes.com
133430,admanage.com
133445,iu45.info
133475,playcombo.com
133477,tvperu.gob.pe
133536,canalsur.es
133539,spartoo.fr
133626,duralastpromotion.com
133675,toofile.com
133682,heltnormalt.no
133768,freedede.com
133784,playforex.ru
133820,kontestacja.com
133833,samsungfire.com
133879,atcloud.com
133931,evoluted.net
133988,spiritualityhealth.com
133989,gameladen.com
134003,vestiua.com
134069,multixxx.com
134223,ionsesang.com
134231,datapigtechnologies.com
134273,labusinessjournal.com
134324,foksuk.nl
134343,bcad.org
134349,easyimgservice.com
134364,zjrxz.com
134373,scorevideos.com
134383,videoseed.ru
134384,rrs.com
134387,filmeb.com.br
134393,giatamedia.de
134470,adultcraft.net
134506,rewe-group.com
134513,falke.com
134540,revolucionmlm.com
134552,montondemierda.com
134560,brijelle.com
134688,paparatsi.mn
134710,eldoradocountyweather.com
134744,worldredeye.com
134748,webvideouniversity.com
134763,like-film.ru
134835,bgonair.bg
134889,sexnarod.ru
134910,historiadelfuturo.tv
134974,fezero.jp
135013,lovekinozal.ru
135040,marasgundem.com
135100,eyeneer.com
135163,jojo.net
135206,nakedmaturewife.net
135265,ohiodnr.gov
135304,nowosci.com.pl
135315,placekitten.com
135362,magazinkolik.com
135410,zone-secure.net
135471,zanerobe.com
135486,gayroom.com
135491,myrdrcts.com
135540,wixpress.com
135582,tyleroakley.com
135631,primeroydiez.com.mx
135685,ihigh.com
135760,glo.ua
135767,geronimostilton.com
135780,qjwb.com.cn
135783,nextstranger.com
135786,motokiller.pl
135797,intellipoker.es
135867,peika.bg
135965,myvids.ws
136062,bakecasesso.com
136151,new-3lunch.net
136158,2000fun.com
136188,hotelscombined.co.uk
136211,theepicgif.wix.com
136378,sextubeporn.net
136398,vietid.net
136418,chleba.net
136435,ladypopular.cz
136501,chongas.com.br
136541,play.md
136666,mediafire.bz
136699,929nin.com
136701,pinskdrev.by
136712,momondo.fr
136725,kitnmedia.com
136727,everyday.com.kh
136738,gamereactor.dk
136764,wxapi.cn
136787,bijouxbrasil.com.br
136800,madfingergames.com
136820,barafranca.com
137059,fenglish.ru
137062,russiantube.tv
137069,mommygotboobs.com
137107,screen-wallpapers.com
137138,jobspace.co.za
137165,inserbia.info
137188,newmexico.gov
137198,stockhaven.com
137221,gongfubb.com
137328,youloveteens.com
137353,rko.fm
137394,audioscrobbler.com
137500,slideplayer.es
137518,hifidiy.net
137628,top-depart.com
137635,cankaya.gov.tr
137707,dripbook.com
137709,lovelanes.net
137735,bpost2.be
137758,webedia.fr
137849,boxphimhd.com
137853,asspig.com
137872,actievandedag.nl
137873,spacash.com
137898,p963.com
137949,solspot.com
137960,opentuition.com
137961,ideasgames.com
137996,h5galgame.com
138057,popbitch.com
138245,amateri.sk
138263,emailnewsletter-software.net
138265,medleyads.com
138303,starwoodpromos.com
138319,umiwi.com
138380,hithot.cc
138422,kotomatrix.ru
138430,foxbaltimore.com
138449,ultra.com.mx
138474,allmovies.cc
138592,travellingscope.com
138609,fibi.co.il
138659,bf4db.com
138691,forbes.ro
138765,fora.tv
138788,nosemouth.com
138971,wallapi.com
139084,planetsportsonline.com
139088,jaymantri.com
139122,socialable.co.uk
139171,gayvideospro.com
139281,peakgames.net
139344,vercoop.com
139375,qng.co.kr
139436,nejlevnejsipneu.cz
139445,entnt.com
139456,lojadoprazer.com.br
139511,kanalturk.com.tr
139529,adjarapoker.com
139535,culioneros.com
139541,wwe-world.ru
139575,solveyourproblem.com
139577,hyrell.com
139608,vietbao.com
139624,alkalinefoods.net
139671,stream2k.eu
139783,momondo.es
139851,04stream.com
139872,martiangames.com
139923,pof.de
139933,hddizitvizle1.com
139964,fashloop.com
139966,loterija.si
139993,youdagames.com
140052,clubsandy.com
140075,infocare.com
140085,maxicours.com
140088,montagna.tv
140146,visualitineraries.com
140152,souxun88.com
140170,eldeforma.tumblr.com
140240,2chcn.com
140270,sharexvid.com
140299,guppytaiwan.com.tw
140322,sendflowers.ru
140382,losvideosmas.net
140406,elitz.jp
140412,hairylegsclub.tumblr.com
140433,011st.com
140438,kerbaldevteam.tumblr.com
140490,stripmpegs.com
140503,saturdaychores.tumblr.com
140515,squeezemobi.com
140523,alexmalave.com
140541,ladypopular.es
140557,actricesdelporno.com
140601,thisvid.com
140619,dieboerse.de
140646,koofile.com
140702,thisispaper.com
140720,teensexvideoshd.com
140744,moviemonster.com
140756,neon24.pl
140769,maudau.com
140808,adyim.com
140835,lo3bat.com
140841,gopractice.ru
140882,sangeethamobiles.com
140898,stipka.com.mk
141006,animeonline.su
141011,absolutist.com
141108,guardian-series.co.uk
141245,uturk.biz
141256,styknews.info
141266,sarmady.net
141338,thatswhaticallsexy.tumblr.com
141362,warriorjv.com
141417,xn--42cn1aug7dc0hrhc1gd.com
141448,dogma.gr
141468,purestars.de
141617,x22report.com
141647,devaldi.com
141683,dream-film.net
141701,lki.ru
141708,sitecontabil.com.br
141742,webinaris.com
141753,remezcla.com
141863,sangeethouse.com
141902,11185.cn
141920,bearfiles.in
141974,todaay.co
142001,gay9day.com
142037,linestorage.com
142136,chajian110.com
142203,vyew.com
142218,mondo.hr
142299,paoxue.com
142309,judgmentalmaps.com
142444,slugsolos.tumblr.com
142455,sporcar.com
142578,tchatwebcam.com
142632,publicinvasion.com
142664,agoralifestyles.co.uk
142682,html5video.org
142722,clickky.biz
142766,laredoute.no
142773,avantlink.ca
142837,williamhillcasino.com
142876,tradezone.com.br
142907,phim19.com
142982,camworld.tv
143028,igogoshare.com
143109,hidrosina.com.mx
143158,yaoyeting.cn
143167,lamcdn.net
143228,porno-up.net
143346,avstockings.com
143416,kluchimasterstva.ru
143448,excellentvideos.net
143507,chibazi.com
143582,mysecurewallet.nl
143687,uniworld.com
143712,afeka-ac.co.il
143717,leanonus.co
143733,pixtreat.com
143819,globalipvideo.com
143832,alab-bnat.com
143837,cover-letter-now.com
143843,cyberdesire.tumblr.com
143888,cmykonline.com.au
143899,endtime.com
143972,foxybingo.com
143975,hdd.tomsk.ru
144001,brupload.net
144098,cxid.info
144136,uklon.com.ua
144186,realtyexecutives.com
144253,chinaasc.org
144257,inforotor.ru
144259,playtheradio.com
144340,wchstv.com
144384,frompo.com
144392,sexyads.com
144420,simplylearnt.com
144503,alphafm.com.br
144659,mindspark.in
144713,topspb.tv
144721,linuxtone.org
144808,interbusca.com
144823,bf3stats.com
144842,visualrian.ru
144846,porntalk.com
144946,loldamn.com
144997,starmotorcycles.com
145017,bindingofisaac.com
145018,thekaraokechannel.com
145019,turkserial.ru
145038,tokyobookmark.net
145048,shambhala.org
145119,cemeu.com
145149,hodesdigital.com
145169,marketingscents.com
145209,pbskidsplay.org
145240,sportsjam.in
145295,ifabbo.com
145298,2konnect.net
145384,u2bviews.com
145558,acasatv.md
145583,smythson.com
145633,learninglibrary.com
145638,xchatlivepro.com
145661,suaooo.com
145878,zag-rider.com
145894,csscreme.com
145896,koowo.com
145928,fck.dk
145937,imgsee.me
145968,eurowon.tumblr.com
145988,tvteka.com
146066,gamereactor.eu
146117,want-daily.com
146270,cbc.sh
146505,virtonomics.com
146601,beginning.kr
146733,tltorrent.ru
146742,megauplaod.org
146805,cbiz.ne.jp
146835,safelinknsn.net
146873,neodatagroup.com
146898,leethax.net
146917,tvblog.com
146964,esacademic.com
146968,5fantastic.pl
147023,secure.onsugar.com
147050,testtube.com
147055,submityourtapes.com
147078,thugkitchen.com
147148,phoenixads.net
147264,seminovosbh.com.br
147307,znajdzto.pl
147355,athleticgreens.com
147389,escortsite.com
147471,podnova.com
147503,websemantics.co.uk
147505,worldreferee.com
147653,foodblog.com
147720,zoom.nl
147739,mekan.com
147748,parastorage.com
147779,ineedhelpwithwordpress.com
147916,valomporno.ru
147937,fjxmrt.com
147969,znaet.info
148219,maruai.co.jp
148226,av69.tv
148367,bluebell.com
148390,fogeli.co.il
148404,rucrash.com
148405,staxus.com
148409,momondo.it
148439,openmicvoices.com
148460,garnier.de
148521,magnify.net
148628,rythmefm.com
148633,flyerzone.co.uk
148644,silver.com
148663,whatshouldbetchescallme.tumblr.com
148697,smart-ip.net
148792,vallenevado.com
148914,hollyrandall.com
148939,log-in.ru
148954,liseberg.se
148961,equipmentworld.com
149028,maketrans.com
149030,veggietales.com
149041,pelephone.co.il
149049,ecuadorenvivo.com
149083,meilenrechner.de
149150,minigag.com
149187,plusbellelavie.fr
149247,floridamemory.com
149265,mimineiyi.com
149267,topickorea.co.kr
149272,politikon.es
149400,edge.ca
149490,eluthu.com
149502,puna.nl
149511,visitkc.com
149631,audioteka.pl
149634,life-must.com
149675,zdfneo.de
149688,prodolgoletie.ru
149698,moonseo.cn
149772,hddizitv.net
149789,nooor.com
149799,zip.lv
149815,dummyimage.com
149956,shoppie.sk
149957,gamemo.com
150037,tickets-center.com
150081,docbao.com.vn
150177,11g11.com
150196,1odeonbet.com
150258,nederporn.tv
150273,12vezessemjuros.tumblr.com
150289,revtrak.net
150387,mexicoconectado.gob.mx
150516,panasonic.com.tw
150539,meinmyplace.com
150550,megateenporn.com
150563,teamdeals.ro
150600,picapon.com
150620,nethomo.com
150658,actoys.net
150838,ianfernando.com
150954,veevr.com
150957,instantvideo.ru
151047,opencontrolplus.com
151052,guiadacidade.pt
151080,visitwynn.com
151087,vguys.com
151104,tubecamgirl.com
151158,tizerlady.ru
151160,onotvonline.es
151210,platinnetz.de
151259,topretirements.com
151353,sfkorean.com
151393,ellos.no
151417,speedshare.eu
151460,kevserinmutfagi.com
151461,mainstreamnetwork.com
151472,xemphimfullhd.com
151505,infomous.com
151613,umd.net
151622,micromatic.com
151708,meteox.fr
151716,netcrawl.info
151738,bomtan.org
151814,mgcashgate.com
151864,getchute.com
151889,slamfm.nl
151924,qddz.com.cn
151956,vladnews.ru
151965,garnier.it
152010,streamon.fm
152040,thisisswindontownfc.co.uk
152101,hayerov.tv
152114,financialjuneteenth.com
152147,seriali.kz
152276,shareblue.eu
152389,junkyard.se
152404,divxpress.com
152422,thecuckold.com
152429,milversite.net
152442,iwoweu.com
152475,diskfiles.net
152496,clipkit.de
152522,longandfoster.com
152533,dimitrysmirnov.ru
152535,rubbertanja.com
152554,profeta-de-dios-efrain.com
152587,libreidee.org
152670,radioszene.de
152687,nlpcaptcha.in
152785,ukrhome.net
152818,hosting-marketers.com
152853,suicidegirls.tumblr.com
152863,papayaclothing.com
152904,520cc.tw
153089,key.ua
153107,atelier801.com
153137,trendyflash.com
153226,servedsink.eu
153252,hitelnet.hu
153355,thisblogisgay.com
153378,edmundm.com
153484,yimeiquan.cn
153650,torrentcenter.biz
153831,urbanbroadcastmedia.com
153861,russiangirlscute.com
153967,hashupload.com
154026,66.ca
154028,remi-online.ro
154293,translationcloud.com
154367,maxoyun.com
154537,scribblemaps.com
154697,alpine-europe.com
154847,likbezz.ru
154881,mixsh.com
154898,scrapmalin.com
154907,calbears.com
154924,jukeboxalive.com
154936,amorepacific.com
